query_id,intervention,mechanism_hint,query_text,structure_inputs,structure_source,structure_source_detail,structure_count,top_surrogates,split
intervention:acarbose,Acarbose,postprandial glucose modulation,"Intervention profile: Acarbose. Mechanism hints: postprandial glucose modulation. Observed biomarker categories: metabolic, inflammation, senescence, mitochondrial. Observed pathways: insulin signaling, chemokine signaling, secretory phenotype, redox balance, glucose metabolism. Observed hallmarks: deregulated nutrient sensing, inflammaging, cellular senescence, mitochondrial dysfunction. Top linked biomarkers: HOMA-IR, SASP panel, MCP-1, fasting glucose, HbA1c.","[""CC1C(C(C(C(O1)OC2C(OC(C(C2O)O)OC(C(CO)O)C(C(C=O)O)O)CO)O)O)NC3C=C(C(C(C3O)O)O)CO""]",registry_exact,Acarbose,1,HOMA-IR|SASP panel|MCP-1|fasting glucose|HbA1c,train
intervention:betulinic_acid,Betulinic Acid,"Activates AMPK and suppresses mTOR signaling, enhances autophagy, reduces ROS, and inhibits NLRP3 inflammasome activation","Intervention profile: Betulinic Acid. Mechanism hints: Activates AMPK and suppresses mTOR signaling, enhances autophagy, reduces ROS, and inhibits NLRP3 inflammasome activation. Observed biomarker categories: growth signaling, inflammation, neurodegeneration. Observed pathways: insulin IGF signaling, cytokine signaling, neurotransmitter metabolism. Observed hallmarks: deregulated nutrient sensing, inflammaging, loss of proteostasis. Top linked biomarkers: IGF-1, TNF-alpha, DDC.","[""CC1(C2CCC3(C(C2(CCC1O)C)C)CCC4=CC(=O)CCC34C)C(=O)O""]",supplemental_structure,Betulinic Acid,1,IGF-1|TNF-alpha|DDC,train
intervention:bleomycin,Bleomycin,DNA-damaging antitumor agent used experimentally to induce pulmonary fibrosis and senescence-associated tissue injury,"Intervention profile: Bleomycin. Mechanism hints: DNA-damaging antitumor agent used experimentally to induce pulmonary fibrosis and senescence-associated tissue injury. Observed biomarker categories: oncology, senescence, cardiovascular. Observed pathways: PI3K AKT mTOR signaling, secretory phenotype, cell cycle arrest, neurotrophic signaling, immune checkpoint signaling. Observed hallmarks: genomic instability, cellular senescence, altered intercellular communication. Top linked biomarkers: SASP panel, p16INK4a expression, PTEN, BDNF, CD3E.","[""CC1=C(C(=O)N)N=C(N1)NCC2OC(O)C(O)C(O)C2O""]",supplemental_structure,Bleomycin,1,SASP panel|p16INK4a expression|PTEN|BDNF|CD3E,test
intervention:coenzyme_q10,Coenzyme Q10,mitochondrial electron transport support and antioxidant activity,"Intervention profile: Coenzyme Q10. Mechanism hints: mitochondrial electron transport support and antioxidant activity. Observed biomarker categories: inflammation, mitochondrial, metabolic. Observed pathways: inflammation signaling, cytokine signaling, bioenergetics, lipid metabolism. Observed hallmarks: inflammaging, mitochondrial dysfunction, deregulated nutrient sensing. Top linked biomarkers: IL6, CRP, triglycerides, LDL-C, HDL-C.","[""CC1=C(C(=O)C(=C(C1=O)OC)OC)C(/C=C(/C)CCC=C(C)CCC=C(C)CCC=C(C)CCC=C(C)C)=O""]",supplemental_structure,Coenzyme Q10,1,IL6|CRP|triglycerides|LDL-C|HDL-C,test
intervention:corticosterone,Corticosterone,Glucocorticoid receptor agonist used to induce glucocorticoid excess and metabolic dysfunction,"Intervention profile: Corticosterone. Mechanism hints: Glucocorticoid receptor agonist used to induce glucocorticoid excess and metabolic dysfunction. Observed biomarker categories: cellular aging, inflammation, cardiovascular. Observed pathways: replicative aging, cytokine signaling, neurotrophic signaling. Observed hallmarks: genomic instability, inflammaging, altered intercellular communication. Top linked biomarkers: IL6, BDNF, telomere length.","[""CC12CCC(=O)C=C1CCC3C2CCC4(C3CC(C4)O)C(=O)CO""]",supplemental_structure,Corticosterone,1,IL6|BDNF|telomere length,val
intervention:curcumin,Curcumin,Pleiotropic geroprotective phytochemical affecting inflammation and cellular stress pathways,"Intervention profile: Curcumin. Mechanism hints: Pleiotropic geroprotective phytochemical affecting inflammation and cellular stress pathways. Observed biomarker categories: oncology, inflammation, body composition, senescence. Observed pathways: PI3K AKT mTOR signaling, inflammation signaling, receptor tyrosine kinase signaling, energy balance, cytokine signaling, secretory phenotype. Observed hallmarks: genomic instability, inflammaging, deregulated nutrient sensing, cellular senescence. Top linked biomarkers: IL6, CRP, SASP panel, body fat percentage, MET.","[""COC1=CC(=CC(=C1O)OC)/C=C/C(=O)CC(=O)/C=C/C2=CC(=C(C=C2)O)OC""]",supplemental_structure,Curcumin,1,IL6|CRP|SASP panel|body fat percentage|MET,train
intervention:dapagliflozin,Dapagliflozin,SGLT2: FDA-approved SGLT2 inhibitor; modulates SIRT1/SIRT3 signaling and suppresses ferroptosis with cardioprotective effects under doxorubicin stress,"Intervention profile: Dapagliflozin. Mechanism hints: SGLT2: FDA-approved SGLT2 inhibitor; modulates SIRT1/SIRT3 signaling and suppresses ferroptosis with cardioprotective effects under doxorubicin stress. Observed biomarker categories: organ function, cardiovascular, metabolic, oncology. Observed pathways: kidney function, cardiac stress, glucose metabolism, receptor tyrosine kinase signaling. Observed hallmarks: loss of proteostasis, altered intercellular communication, deregulated nutrient sensing, genomic instability. Top linked biomarkers: creatinine, NT-proBNP, MET, HbA1c.","[""CC1COC(O1)COC2=CC=C(C=C2)CC3=CC(=CC=C3)Cl""]",supplemental_structure,Dapagliflozin,1,creatinine|NT-proBNP|MET|HbA1c,test
intervention:dasatinib,Dasatinib,senolytic: Senolytic tyrosine kinase inhibitor; commonly studied in combination with quercetin to promote clearance of senescent cells,"Intervention profile: Dasatinib. Mechanism hints: senolytic: Senolytic tyrosine kinase inhibitor; commonly studied in combination with quercetin to promote clearance of senescent cells. Observed biomarker categories: senescence, metabolic, inflammation, oncology. Observed pathways: secretory phenotype, lipid metabolism, cell cycle arrest, cytokine signaling, receptor tyrosine kinase signaling. Observed hallmarks: cellular senescence, deregulated nutrient sensing, inflammaging, genomic instability. Top linked biomarkers: SASP panel, p16INK4a expression, IL6, triglycerides, KIT.","[""CC1=C(C(=CC=C1)Cl)NC(=O)C2=CN=C(S2)NC3=CC(=NC(=N3)C)N4CCN(CC4)CCO""]",component_exact,Dasatinib,1,SASP panel|p16INK4a expression|IL6|triglycerides|KIT,test
intervention:dasatinib_quercetin,Dasatinib + Quercetin,senolytic: Senolytic combination reported to reduce senescence markers and induce death of hyperoxia-induced senescent airway smooth muscle cells,"Intervention profile: Dasatinib + Quercetin. Mechanism hints: senolytic: Senolytic combination reported to reduce senescence markers and induce death of hyperoxia-induced senescent airway smooth muscle cells. Observed biomarker categories: senescence, cellular aging, inflammation. Observed pathways: secretory phenotype, cell cycle arrest, replicative aging, cytokine signaling. Observed hallmarks: cellular senescence, genomic instability, inflammaging. Top linked biomarkers: SASP panel, p16INK4a expression, IL6, telomere length.","[""CC1=C(C(=CC=C1)Cl)NC(=O)C2=CN=C(S2)NC3=CC(=NC(=N3)C)N4CCN(CC4)CCO"", ""C1=CC(=C(C=C1C2=C(C(=O)C3=C(C=C(C=C3O2)O)O)O)O)O""]",registry_components,Dasatinib + Quercetin,2,SASP panel|p16INK4a expression|IL6|telomere length,val
intervention:dpp_4_inhibitors,Dpp-4 Inhibitors,Dipeptidyl peptidase-4 inhibition; incretin pathway glucose-lowering agents,"Intervention profile: Dpp-4 Inhibitors. Mechanism hints: Dipeptidyl peptidase-4 inhibition; incretin pathway glucose-lowering agents. Observed biomarker categories: organ function, metabolic. Observed pathways: kidney function, glucose metabolism. Observed hallmarks: loss of proteostasis, deregulated nutrient sensing. Top linked biomarkers: HbA1c, creatinine, fasting glucose.","[""dpp4 inhibitor""]",supplemental_structure,Dpp-4 Inhibitors,1,HbA1c|creatinine|fasting glucose,train
intervention:dual_glp_1_gip_receptor_agonists,Dual Glp-1/Gip Receptor Agonists,Combined GLP-1 and GIP receptor agonism; incretin-based metabolic intervention affecting hepatic steatosis and stiffness,Intervention profile: Dual Glp-1/Gip Receptor Agonists. Mechanism hints: Combined GLP-1 and GIP receptor agonism; incretin-based metabolic intervention affecting hepatic steatosis and stiffness. Observed biomarker categories: metabolic. Observed pathways: glucose metabolism. Observed hallmarks: deregulated nutrient sensing. Top linked biomarkers: HbA1c.,"[""CC(C)CC(NC(=O)CNC(=O)C(CC(=O)O)NC(=O)C(CCCNC(=N)N)NC(=O)CNC(=O)C(CC1=CC=CC=C1)NC(=O)C(CO)NC(=O)C(CC(=O)O)NC(=O)CNC(=O)C(CCCNC(=N)N)NC(=O)C(C)NC(=O)C(CC2=CNC3=CC=CC=C23)NC(=O)C(C(C)C)NC(=O)C(C(C)C)NC(=O)CNC(=O)C(C(C)O)NC(=O)CNC(=O)CNC(=O)C(C(C)CC)NC(=O)C(C)NC(=O)C(C)N)C(=O)NCC(=O)N"", ""CCC(C)C(C(=O)NC(C)C(=O)NC(CC1=CNC2=CC=CC=C21)C(=O)NC(CC(C)C)C(=O)NC(C(C)C)C(=O)NC(CCCNC(=N)N)C(=O)NCC(=O)NC(CCCNC(=N)N)C(=O)NCC(=O)O)NC(=O)C(CC3=CC=CC=C3)NC(=O)C(CCC(=O)O)NC(=O)C(CCCCNC(=O)COCCOCCNC(=O)COCCOCCNC(=O)CCC(C(=O)O)NC(=O)CCCCCCCCCCCCCCCCC(=O)O)NC(=O)C(C)NC(=O)C(C)NC(=O)C(CCC(=O)N)NC(=O)CNC(=O)C(CCC(=O)O)NC(=O)C(CC(C)C)NC(=O)C(CC4=CC=C(C=C4)O)NC(=O)C(CO)NC(=O)C(CO)NC(=O)C(C(C)C)NC(=O)C(CC(=O)O)NC(=O)C(CO)NC(=O)C(C(C)O)NC(=O)C(CC5=CC=CC=C5)NC(=O)C(C(C)O)NC(=O)CNC(=O)C(CCC(=O)O)NC(=O)C(C)(C)NC(=O)C(CC6=CN=CN6)N""]",prototype_average,Tirzepatide|Semaglutide,2,HbA1c,val
intervention:empagliflozin,Empagliflozin,SGLT2: SGLT2 inhibition and glucosuria-driven metabolic unloading,"Intervention profile: Empagliflozin. Mechanism hints: SGLT2: SGLT2 inhibition and glucosuria-driven metabolic unloading. Observed biomarker categories: organ function, cardiovascular, metabolic. Observed pathways: kidney function, cardiac stress, glucose metabolism. Observed hallmarks: loss of proteostasis, altered intercellular communication, deregulated nutrient sensing. Top linked biomarkers: creatinine, HbA1c, NT-proBNP.","[""C1COCC1OC2=CC=C(C=C2)CC3=C(C=CC(=C3)C4C(C(C(C(O4)CO)O)O)O)Cl""]",registry_exact,Empagliflozin,1,creatinine|HbA1c|NT-proBNP,val
intervention:fisetin,Fisetin,"senolytic: Senolytic; reduces senescent endothelial cells and SASP factors including CXCL12, improving nitric oxide bioavailability and lowering mitochondrial oxidative stress/inflammation","Intervention profile: Fisetin. Mechanism hints: senolytic: Senolytic; reduces senescent endothelial cells and SASP factors including CXCL12, improving nitric oxide bioavailability and lowering mitochondrial oxidative stress/inflammation. Observed biomarker categories: senescence, oncology, mitochondrial. Observed pathways: secretory phenotype, apoptosis regulation, cell cycle arrest, redox balance. Observed hallmarks: cellular senescence, genomic instability, mitochondrial dysfunction. Top linked biomarkers: SASP panel, p16INK4a expression, NAD+ NADH ratio, BCL2.","[""C1=CC(=C(C=C1C2=C(C(=O)C3=C(O2)C=C(C=C3)O)O)O)O""]",registry_exact,Fisetin,1,SASP panel|p16INK4a expression|NAD+ NADH ratio|BCL2,val
intervention:glp_1_receptor_agonists,Glp-1 Receptor Agonists,"GLP-1 receptor activation; incretin signaling with potential effects on inflammation, wound healing, microvascular perfusion, keratinocyte migration, and fibroblast function","Intervention profile: Glp-1 Receptor Agonists. Mechanism hints: GLP-1 receptor activation; incretin signaling with potential effects on inflammation, wound healing, microvascular perfusion, keratinocyte migration, and fibroblast function. Observed biomarker categories: metabolic, organ function. Observed pathways: glucose metabolism, kidney function, lipid metabolism. Observed hallmarks: deregulated nutrient sensing, loss of proteostasis. Top linked biomarkers: HbA1c, creatinine, HDL-C.","[""CCC(C)C(C(=O)NC(C)C(=O)NC(CC1=CNC2=CC=CC=C21)C(=O)NC(CC(C)C)C(=O)NC(C(C)C)C(=O)NC(CCCNC(=N)N)C(=O)NCC(=O)NC(CCCNC(=N)N)C(=O)NCC(=O)O)NC(=O)C(CC3=CC=CC=C3)NC(=O)C(CCC(=O)O)NC(=O)C(CCCCNC(=O)COCCOCCNC(=O)COCCOCCNC(=O)CCC(C(=O)O)NC(=O)CCCCCCCCCCCCCCCCC(=O)O)NC(=O)C(C)NC(=O)C(C)NC(=O)C(CCC(=O)N)NC(=O)CNC(=O)C(CCC(=O)O)NC(=O)C(CC(C)C)NC(=O)C(CC4=CC=C(C=C4)O)NC(=O)C(CO)NC(=O)C(CO)NC(=O)C(C(C)C)NC(=O)C(CC(=O)O)NC(=O)C(CO)NC(=O)C(C(C)O)NC(=O)C(CC5=CC=CC=C5)NC(=O)C(C(C)O)NC(=O)CNC(=O)C(CCC(=O)O)NC(=O)C(C)(C)NC(=O)C(CC6=CN=CN6)N"", ""CCCCCCCCCCCCCCCC(=O)NC(CCC(=O)NCCCCC(C(=O)NC(CCC(=O)O)C(=O)NC(CC1=CC=CC=C1)C(=O)NC(C(C)CC)C(=O)NC(C)C(=O)NC(CC2=CNC3=CC=CC=C32)C(=O)NC(CC(C)C)C(=O)NC(C(C)C)C(=O)NC(CCCNC(=N)N)C(=O)NCC(=O)NC(CCCNC(=N)N)C(=O)NCC(=O)O)NC(=O)C(C)NC(=O)C(C)NC(=O)C(CCC(=O)N)NC(=O)CNC(=O)C(CCC(=O)O)NC(=O)C(CC(C)C)NC(=O)C(CC4=CC=C(C=C4)O)NC(=O)C(CO)NC(=O)C(CO)NC(=O)C(C(C)C)NC(=O)C(CC(=O)O)NC(=O)C(CO)NC(=O)C(C(C)O)NC(=O)C(CC5=CC=CC=C5)NC(=O)C(C(C)O)NC(=O)CNC(=O)C(CCC(=O)O)NC(=O)C(C)NC(=O)C(CC6=CN=CN6)N)C(=O)O""]",prototype_average,Semaglutide|Liraglutide,2,HbA1c|creatinine|HDL-C,test
intervention:immune_checkpoint_inhibitors,Immune Checkpoint Inhibitors,immunotherapy agents proposed in combination with senolytics to enhance clearance of therapy-induced senescent cells and anti-tumor immunity,"Intervention profile: Immune Checkpoint Inhibitors. Mechanism hints: immunotherapy agents proposed in combination with senolytics to enhance clearance of therapy-induced senescent cells and anti-tumor immunity. Observed biomarker categories: oncology. Observed pathways: receptor tyrosine kinase signaling. Observed hallmarks: genomic instability. Top linked biomarkers: MET, HGF.","[""immune checkpoint inhibitor""]",supplemental_structure,Immune Checkpoint Inhibitors,1,MET|HGF,train
intervention:insulin,Insulin,Exogenous insulin replacement/intensification for glycemic control in type 2 diabetes,"Intervention profile: Insulin. Mechanism hints: Exogenous insulin replacement/intensification for glycemic control in type 2 diabetes. Observed biomarker categories: inflammation, metabolic, body composition, growth signaling. Observed pathways: inflammation signaling, glucose metabolism, muscle maintenance, insulin IGF signaling. Observed hallmarks: inflammaging, deregulated nutrient sensing, stem cell exhaustion. Top linked biomarkers: HbA1c, IGF-1, CRP, lean mass.","[""insulin""]",supplemental_structure,Insulin,1,HbA1c|IGF-1|CRP|lean mass,test
intervention:lanatoside_c,Lanatoside C,Clinical-stage cardiac glycoside with senolytic activity against senescent cells,"Intervention profile: Lanatoside C. Mechanism hints: Clinical-stage cardiac glycoside with senolytic activity against senescent cells. Observed biomarker categories: cardiovascular, inflammation, senescence. Observed pathways: lipid metabolism, cytokine signaling, chemokine signaling, secretory phenotype. Observed hallmarks: altered intercellular communication, inflammaging, cellular senescence. Top linked biomarkers: SASP panel, LDLR, MCP-1, IL6.","[""CC1(C(C(C(C(O1)OC2C(C(C(C(O2)CO)O)O)O)OC3C(C(C(C(O3)CO)O)O)O)O)O)O)CCC4C1(CC(C5(C4CCC6(C5CC(C(C6)O)OC7C(C(C(C(O7)CO)O)O)O)O)C)O)C""]",supplemental_structure,Lanatoside C,1,SASP panel|LDLR|MCP-1|IL6,val
intervention:liraglutide,Liraglutide,GLP1: GLP-1 receptor agonism and metabolic regulation,"Intervention profile: Liraglutide. Mechanism hints: GLP1: GLP-1 receptor agonism and metabolic regulation. Observed biomarker categories: inflammation, metabolic, organ function, body composition, oncology. Observed pathways: inflammation signaling, insulin signaling, kidney function, glucose metabolism, muscle maintenance, receptor tyrosine kinase signaling. Observed hallmarks: inflammaging, deregulated nutrient sensing, loss of proteostasis, stem cell exhaustion, genomic instability. Top linked biomarkers: HbA1c, fasting glucose, CRP, creatinine, HOMA-IR.","[""CCCCCCCCCCCCCCCC(=O)NC(CCC(=O)NCCCCC(C(=O)NC(CCC(=O)O)C(=O)NC(CC1=CC=CC=C1)C(=O)NC(C(C)CC)C(=O)NC(C)C(=O)NC(CC2=CNC3=CC=CC=C32)C(=O)NC(CC(C)C)C(=O)NC(C(C)C)C(=O)NC(CCCNC(=N)N)C(=O)NCC(=O)NC(CCCNC(=N)N)C(=O)NCC(=O)O)NC(=O)C(C)NC(=O)C(C)NC(=O)C(CCC(=O)N)NC(=O)CNC(=O)C(CCC(=O)O)NC(=O)C(CC(C)C)NC(=O)C(CC4=CC=C(C=C4)O)NC(=O)C(CO)NC(=O)C(CO)NC(=O)C(C(C)C)NC(=O)C(CC(=O)O)NC(=O)C(CO)NC(=O)C(C(C)O)NC(=O)C(CC5=CC=CC=C5)NC(=O)C(C(C)O)NC(=O)CNC(=O)C(CCC(=O)O)NC(=O)C(C)NC(=O)C(CC6=CN=CN6)N)C(=O)O""]",registry_exact,Liraglutide,1,HbA1c|fasting glucose|CRP|creatinine|HOMA-IR,val
intervention:metformin,Metformin,AMPK: AMPK-related metabolic modulation; mTOR inhibition; mitochondrial function and oxidative stress modulation; immunometabolic and gut microbiome effects,"Intervention profile: Metformin. Mechanism hints: AMPK: AMPK-related metabolic modulation; mTOR inhibition; mitochondrial function and oxidative stress modulation; immunometabolic and gut microbiome effects. Observed biomarker categories: metabolic, mitochondrial. Observed pathways: glucose metabolism, insulin signaling, lipid metabolism, redox balance. Observed hallmarks: deregulated nutrient sensing, mitochondrial dysfunction. Top linked biomarkers: triglycerides, fasting insulin, HbA1c, NAD+ NADH ratio.","[""CN(C)C(=N)N=C(N)N""]",registry_exact,Metformin,1,triglycerides|fasting insulin|HbA1c|NAD+ NADH ratio,val
intervention:microglial_depletion_repopulation_paradigms,Microglial Depletion-Repopulation Paradigms,removal and replacement of dysfunctional microglia to restore homeostatic neuroimmune surveillance,Intervention profile: Microglial Depletion-Repopulation Paradigms. Mechanism hints: removal and replacement of dysfunctional microglia to restore homeostatic neuroimmune surveillance. Observed biomarker categories: senescence. Observed pathways: secretory phenotype. Observed hallmarks: cellular senescence. Top linked biomarkers: SASP panel.,"[""microglial depletion repopulation""]",supplemental_structure,Microglial Depletion-Repopulation Paradigms,1,SASP panel,test
intervention:mitoq,Mitoq,Mitochondria-targeted antioxidant that prophylactically prevented hyperoxia-induced senescence markers and SASP,"Intervention profile: Mitoq. Mechanism hints: Mitochondria-targeted antioxidant that prophylactically prevented hyperoxia-induced senescence markers and SASP. Observed biomarker categories: inflammation, oncology, cellular aging, senescence, mitochondrial. Observed pathways: cytokine signaling, TGF-beta signaling, replicative aging, secretory phenotype, cell cycle arrest, redox balance, DNA damage repair. Observed hallmarks: inflammaging, genomic instability, cellular senescence, mitochondrial dysfunction. Top linked biomarkers: IL6, p16INK4a expression, SASP panel, telomere length, SMAD2.","[""C[N+](C)(C)CCCCC(=O)C1=CC(=O)C(=C(C1=O)OC)OC""]",supplemental_structure,Mitoq,1,IL6|p16INK4a expression|SASP panel|telomere length|SMAD2,train
intervention:mtor_inhibitors,Mtor Inhibitors,"Modulate mTOR signaling to reduce age-related mTOR overactivation, potentially improving autophagy and immune function relevant to vaccine responses in aging","Intervention profile: Mtor Inhibitors. Mechanism hints: Modulate mTOR signaling to reduce age-related mTOR overactivation, potentially improving autophagy and immune function relevant to vaccine responses in aging. Observed biomarker categories: cardiovascular, oncology. Observed pathways: glucose insulin signaling, PI3K AKT mTOR signaling. Observed hallmarks: altered intercellular communication, genomic instability. Top linked biomarkers: PAM, PTEN.","[""CC1CCC2CC(C(=CC=CC=CC(CC(C(=O)C(C(C(=CC(C(=O)CC(OC(=O)C3CCCCN3C(=O)C(=O)C1(O2)O)C(C)CC4CCC(C(C4)OC)O)C)C)O)OC)C)C)C)OC""]",prototype_average,Rapamycin,1,PAM|PTEN,test
intervention:n_acetylcysteine,N-Acetylcysteine,"Glutathione precursor; reduces oxidative stress and inflammatory signaling, with potential effects on mitochondrial dysfunction and muscle degeneration pathways","Intervention profile: N-Acetylcysteine. Mechanism hints: Glutathione precursor; reduces oxidative stress and inflammatory signaling, with potential effects on mitochondrial dysfunction and muscle degeneration pathways. Observed biomarker categories: organ function, inflammation, oncology, senescence. Observed pathways: kidney function, inflammation signaling, cytokine signaling, apoptosis regulation, secretory phenotype. Observed hallmarks: loss of proteostasis, inflammaging, genomic instability, cellular senescence. Top linked biomarkers: IL6, CRP, cystatin C, SASP panel, BCL2.","[""CC(=O)N[C@@H](CS)C(=O)O""]",supplemental_structure,N-Acetylcysteine,1,IL6|CRP|cystatin C|SASP panel|BCL2,test
intervention:nad_precursors,Nad+ Precursors,NAD+ therapeutics; may support SIRT1 activation and systemic metabolic resilience,"Intervention profile: Nad+ Precursors. Mechanism hints: NAD+ therapeutics; may support SIRT1 activation and systemic metabolic resilience. Observed biomarker categories: mitochondrial, oncology. Observed pathways: redox balance, receptor tyrosine kinase signaling. Observed hallmarks: mitochondrial dysfunction, genomic instability. Top linked biomarkers: NAD+ NADH ratio, MET.","[""C1=CC(=C[N+](=C1)C2C(C(C(O2)CO)O)O)C(=O)N"", ""C1=CC(=C[N+](=C1)C2C(C(C(O2)COP(=O)(O)[O-])O)O)C(=O)N""]",prototype_average,Nicotinamide Riboside|NMN,2,NAD+ NADH ratio|MET,val
intervention:nad_therapeutics,Nad+ Therapeutics,supports mitochondrial NAD+ reserve and compensation for oxidative phosphorylation stress,Intervention profile: Nad+ Therapeutics. Mechanism hints: supports mitochondrial NAD+ reserve and compensation for oxidative phosphorylation stress. Observed biomarker categories: mitochondrial. Observed pathways: redox balance. Observed hallmarks: mitochondrial dysfunction. Top linked biomarkers: NAD+ NADH ratio.,"[""C1=CC(=C[N+](=C1)C2C(C(C(O2)CO)O)O)C(=O)N"", ""C1=CC(=C[N+](=C1)C2C(C(C(O2)COP(=O)(O)[O-])O)O)C(=O)N""]",prototype_average,Nicotinamide Riboside|NMN,2,NAD+ NADH ratio,train
intervention:nicotinamide_riboside,Nicotinamide Riboside,NAD+: NAD+ precursor supplementation intended to boost NAD+ homeostasis,"Intervention profile: Nicotinamide Riboside. Mechanism hints: NAD+: NAD+ precursor supplementation intended to boost NAD+ homeostasis. Observed biomarker categories: mitochondrial, epigenetic aging, oncology, senescence. Observed pathways: redox balance, aging clocks, receptor tyrosine kinase signaling, secretory phenotype. Observed hallmarks: mitochondrial dysfunction, genomic instability, cellular senescence. Top linked biomarkers: NAD+ NADH ratio, epigenetic clock, PhenoAge, GrimAge, MET.","[""C1=CC(=C[N+](=C1)C2C(C(C(O2)CO)O)O)C(=O)N""]",registry_exact,Nicotinamide Riboside,1,NAD+ NADH ratio|epigenetic clock|PhenoAge|GrimAge|MET,test
intervention:nmn,Nmn,NAD+: NAD+ therapeutic transported via Slc12a8; restores age-associated decline in neuronal firing and promotes REM sleep,"Intervention profile: Nmn. Mechanism hints: NAD+: NAD+ therapeutic transported via Slc12a8; restores age-associated decline in neuronal firing and promotes REM sleep. Observed biomarker categories: mitochondrial, metabolic, oncology. Observed pathways: redox balance, insulin signaling, receptor tyrosine kinase signaling, DNA damage repair. Observed hallmarks: mitochondrial dysfunction, deregulated nutrient sensing, genomic instability. Top linked biomarkers: NAD+ NADH ratio, HOMA-IR, MET, PARP1.","[""C1=CC(=C[N+](=C1)C2C(C(C(O2)COP(=O)(O)[O-])O)O)C(=O)N""]",registry_exact,NMN,1,NAD+ NADH ratio|HOMA-IR|MET|PARP1,train
intervention:quercetin,Quercetin,"senolytic: Flavonoid with reported senolytic/geroprotective activity, often linked to anti-inflammatory and anti-oxidative pathways","Intervention profile: Quercetin. Mechanism hints: senolytic: Flavonoid with reported senolytic/geroprotective activity, often linked to anti-inflammatory and anti-oxidative pathways. Observed biomarker categories: senescence, metabolic, inflammation, cardiovascular, mitochondrial. Observed pathways: secretory phenotype, lipid metabolism, cytokine signaling, cell cycle arrest, neurotrophic signaling, redox balance, coagulation cascade. Observed hallmarks: cellular senescence, deregulated nutrient sensing, inflammaging, altered intercellular communication, mitochondrial dysfunction. Top linked biomarkers: SASP panel, p16INK4a expression, IL6, triglycerides, BDNF.","[""C1=CC(=C(C=C1C2=C(C(=O)C3=C(C=C(C=C3O2)O)O)O)O)O""]",component_exact,Quercetin,1,SASP panel|p16INK4a expression|IL6|triglycerides|BDNF,val
intervention:rapamycin,Rapamycin,mTOR: mTOR inhibitor; senomorphic that suppresses SASP expression and geroscience-relevant inflammatory signaling,Intervention profile: Rapamycin. Mechanism hints: mTOR: mTOR inhibitor; senomorphic that suppresses SASP expression and geroscience-relevant inflammatory signaling. Observed biomarker categories: growth signaling. Observed pathways: insulin IGF signaling. Observed hallmarks: deregulated nutrient sensing. Top linked biomarkers: IGF-1.,"[""CC1CCC2CC(C(=CC=CC=CC(CC(C(=O)C(C(C(=CC(C(=O)CC(OC(=O)C3CCCCN3C(=O)C(=O)C1(O2)O)C(C)CC4CCC(C(C4)OC)O)C)C)O)OC)C)C)C)OC""]",registry_exact,Rapamycin,1,IGF-1,test
intervention:rapamycin_analogs,Rapamycin Analogs,mTOR: mTOR pathway inhibition similar to rapamycin,"Intervention profile: Rapamycin Analogs. Mechanism hints: mTOR: mTOR pathway inhibition similar to rapamycin. Observed biomarker categories: oncology, metabolic. Observed pathways: PI3K AKT mTOR signaling, glucose metabolism. Observed hallmarks: genomic instability, deregulated nutrient sensing. Top linked biomarkers: PTEN, fasting glucose.","[""CC1CCC2CC(C(=CC=CC=CC(CC(C(=O)C(C(C(=CC(C(=O)CC(OC(=O)C3CCCCN3C(=O)C(=O)C1(O2)O)C(C)CC4CCC(C(C4)OC)O)C)C)O)OC)C)C)C)OC""]",prototype_average,Rapamycin,1,PTEN|fasting glucose,train
intervention:ras_inhibitors,Ras Inhibitors,renin-angiotensin system inhibition; nephroprotective modulation of RAAS signaling,"Intervention profile: Ras Inhibitors. Mechanism hints: renin-angiotensin system inhibition; nephroprotective modulation of RAAS signaling. Observed biomarker categories: oncology, organ function. Observed pathways: receptor tyrosine kinase signaling, kidney function. Observed hallmarks: genomic instability, loss of proteostasis. Top linked biomarkers: MET, creatinine.","[""ras inhibitor""]",supplemental_structure,Ras Inhibitors,1,MET|creatinine,train
intervention:resveratrol,Resveratrol,validated geroprotector candidate; modulates mitochondrial redox signaling and bioenergetics,"Intervention profile: Resveratrol. Mechanism hints: validated geroprotector candidate; modulates mitochondrial redox signaling and bioenergetics. Observed biomarker categories: inflammation, metabolic, growth signaling, mitochondrial. Observed pathways: inflammation signaling, glucose metabolism, cytokine signaling, insulin IGF signaling, redox balance. Observed hallmarks: inflammaging, deregulated nutrient sensing, mitochondrial dysfunction. Top linked biomarkers: fasting glucose, HbA1c, IGF-1, IL6, CRP.","[""C1=CC(=CC=C1C=CC2=CC(=CC(=C2)O)O)O""]",registry_exact,Resveratrol,1,fasting glucose|HbA1c|IGF-1|IL6|CRP,val
intervention:semaglutide,Semaglutide,GLP1: GLP-1 receptor agonist; metabolic/gerotherapeutic candidate with effects on adiposity and epigenetic aging measures,"Intervention profile: Semaglutide. Mechanism hints: GLP1: GLP-1 receptor agonist; metabolic/gerotherapeutic candidate with effects on adiposity and epigenetic aging measures. Observed biomarker categories: body composition, metabolic, organ function. Observed pathways: muscle maintenance, glucose metabolism, kidney function. Observed hallmarks: stem cell exhaustion, deregulated nutrient sensing, loss of proteostasis. Top linked biomarkers: HbA1c, lean mass, creatinine.","[""CCC(C)C(C(=O)NC(C)C(=O)NC(CC1=CNC2=CC=CC=C21)C(=O)NC(CC(C)C)C(=O)NC(C(C)C)C(=O)NC(CCCNC(=N)N)C(=O)NCC(=O)NC(CCCNC(=N)N)C(=O)NCC(=O)O)NC(=O)C(CC3=CC=CC=C3)NC(=O)C(CCC(=O)O)NC(=O)C(CCCCNC(=O)COCCOCCNC(=O)COCCOCCNC(=O)CCC(C(=O)O)NC(=O)CCCCCCCCCCCCCCCCC(=O)O)NC(=O)C(C)NC(=O)C(C)NC(=O)C(CCC(=O)N)NC(=O)CNC(=O)C(CCC(=O)O)NC(=O)C(CC(C)C)NC(=O)C(CC4=CC=C(C=C4)O)NC(=O)C(CO)NC(=O)C(CO)NC(=O)C(C(C)C)NC(=O)C(CC(=O)O)NC(=O)C(CO)NC(=O)C(C(C)O)NC(=O)C(CC5=CC=CC=C5)NC(=O)C(C(C)O)NC(=O)CNC(=O)C(CCC(=O)O)NC(=O)C(C)(C)NC(=O)C(CC6=CN=CN6)N""]",registry_exact,Semaglutide,1,HbA1c|lean mass|creatinine,train
intervention:senolytic_strategies,Senolytic Strategies,selective elimination of senescent cells to reduce SASP-driven neuroinflammation and microglial dysfunction,"Intervention profile: Senolytic Strategies. Mechanism hints: selective elimination of senescent cells to reduce SASP-driven neuroinflammation and microglial dysfunction. Observed biomarker categories: senescence, inflammation. Observed pathways: secretory phenotype, cell cycle arrest, cytokine signaling. Observed hallmarks: cellular senescence, inflammaging. Top linked biomarkers: SASP panel, p16INK4a expression, IL6.","[""CC1=C(C(=CC=C1)Cl)NC(=O)C2=CN=C(S2)NC3=CC(=NC(=N3)C)N4CCN(CC4)CCO"", ""C1=CC(=C(C=C1C2=C(C(=O)C3=C(C=C(C=C3O2)O)O)O)O)O"", ""C1=CC(=C(C=C1C2=C(C(=O)C3=C(O2)C=C(C=C3)O)O)O)O""]",prototype_average,Dasatinib + Quercetin|Fisetin,3,SASP panel|p16INK4a expression|IL6,train
intervention:senolytic_therapies,Senolytic Therapies,selective elimination of senescent cells to reduce proinflammatory signaling and pathological remodeling,"Intervention profile: Senolytic Therapies. Mechanism hints: selective elimination of senescent cells to reduce proinflammatory signaling and pathological remodeling. Observed biomarker categories: senescence, neurodegeneration, oncology. Observed pathways: secretory phenotype, cell cycle arrest, neurotransmitter metabolism, PI3K AKT mTOR signaling, receptor tyrosine kinase signaling. Observed hallmarks: cellular senescence, loss of proteostasis, genomic instability. Top linked biomarkers: SASP panel, p16INK4a expression, PTEN, GPNMB, KDR.","[""CC1=C(C(=CC=C1)Cl)NC(=O)C2=CN=C(S2)NC3=CC(=NC(=N3)C)N4CCN(CC4)CCO"", ""C1=CC(=C(C=C1C2=C(C(=O)C3=C(C=C(C=C3O2)O)O)O)O)O"", ""C1=CC(=C(C=C1C2=C(C(=O)C3=C(O2)C=C(C=C3)O)O)O)O""]",prototype_average,Dasatinib + Quercetin|Fisetin,3,SASP panel|p16INK4a expression|PTEN|GPNMB|KDR,test
intervention:senolytics,Senolytics,"Selective clearance of senescent cells to reduce SASP-driven inflammation, fibrosis, and functional decline","Intervention profile: Senolytics. Mechanism hints: Selective clearance of senescent cells to reduce SASP-driven inflammation, fibrosis, and functional decline. Observed biomarker categories: senescence, mitochondrial. Observed pathways: secretory phenotype, redox balance. Observed hallmarks: cellular senescence, mitochondrial dysfunction. Top linked biomarkers: SASP panel, NAD+ NADH ratio.","[""CC1=C(C(=CC=C1)Cl)NC(=O)C2=CN=C(S2)NC3=CC(=NC(=N3)C)N4CCN(CC4)CCO"", ""C1=CC(=C(C=C1C2=C(C(=O)C3=C(C=C(C=C3O2)O)O)O)O)O"", ""C1=CC(=C(C=C1C2=C(C(=O)C3=C(O2)C=C(C=C3)O)O)O)O""]",prototype_average,Dasatinib + Quercetin|Fisetin,3,SASP panel|NAD+ NADH ratio,test
intervention:sglt_2_inhibitors,Sglt-2 Inhibitors,SGLT2 blockade to increase urinary glucose excretion; cardiometabolic and geroprotective relevance in older adults with type 2 diabetes,Intervention profile: Sglt-2 Inhibitors. Mechanism hints: SGLT2 blockade to increase urinary glucose excretion; cardiometabolic and geroprotective relevance in older adults with type 2 diabetes. Observed biomarker categories: metabolic. Observed pathways: glucose metabolism. Observed hallmarks: deregulated nutrient sensing. Top linked biomarkers: HbA1c.,"[""C1COCC1OC2=CC=C(C=C2)CC3=C(C=CC(=C3)C4C(C(C(C(O4)CO)O)O)O)Cl"", ""CC1COC(O1)COC2=CC=C(C=C2)CC3=CC(=CC=C3)Cl""]",prototype_average,Empagliflozin|Dapagliflozin,2,HbA1c,val
intervention:sglt2_inhibitors,Sglt2 Inhibitors,"Block renal sodium-glucose cotransporter 2 to promote glycosuria; may mimic caloric restriction/ketogenic metabolism, reduce inflammation and senescent cell burden, and modulate SASP","Intervention profile: Sglt2 Inhibitors. Mechanism hints: Block renal sodium-glucose cotransporter 2 to promote glycosuria; may mimic caloric restriction/ketogenic metabolism, reduce inflammation and senescent cell burden, and modulate SASP. Observed biomarker categories: organ function, cardiovascular, metabolic. Observed pathways: kidney function, cardiac stress, glucose metabolism. Observed hallmarks: loss of proteostasis, altered intercellular communication, deregulated nutrient sensing. Top linked biomarkers: HbA1c, creatinine, NT-proBNP.","[""C1COCC1OC2=CC=C(C=C2)CC3=C(C=CC(=C3)C4C(C(C(C(O4)CO)O)O)O)Cl"", ""CC1COC(O1)COC2=CC=C(C=C2)CC3=CC(=CC=C3)Cl""]",prototype_average,Empagliflozin|Dapagliflozin,2,HbA1c|creatinine|NT-proBNP,test
intervention:sodium_glucose_cotransporter_2_inhibitors,Sodium-Glucose Cotransporter-2 Inhibitors,metabolic modulators; SGLT2 inhibition highlighted as a targeted intervention in aging-related fibrotic disease,"Intervention profile: Sodium-Glucose Cotransporter-2 Inhibitors. Mechanism hints: metabolic modulators; SGLT2 inhibition highlighted as a targeted intervention in aging-related fibrotic disease. Observed biomarker categories: metabolic, oncology. Observed pathways: glucose metabolism, receptor tyrosine kinase signaling. Observed hallmarks: deregulated nutrient sensing, genomic instability. Top linked biomarkers: HbA1c, MET.","[""C1COCC1OC2=CC=C(C=C2)CC3=C(C=CC(=C3)C4C(C(C(C(O4)CO)O)O)O)Cl"", ""CC1COC(O1)COC2=CC=C(C=C2)CC3=CC(=CC=C3)Cl""]",prototype_average,Empagliflozin|Dapagliflozin,2,HbA1c|MET,val
intervention:spermidine,Spermidine,"autophagy: Autophagy inducer; mitigates immune cell senescence, reduces p16/mTOR-associated senescence features, and enhances B-cell memory and vaccine responsiveness","Intervention profile: Spermidine. Mechanism hints: autophagy: Autophagy inducer; mitigates immune cell senescence, reduces p16/mTOR-associated senescence features, and enhances B-cell memory and vaccine responsiveness. Observed biomarker categories: growth signaling, mitochondrial, cellular aging, cardiovascular. Observed pathways: insulin IGF signaling, redox balance, replicative aging, neurotrophic signaling. Observed hallmarks: deregulated nutrient sensing, mitochondrial dysfunction, genomic instability, altered intercellular communication. Top linked biomarkers: NAD+ NADH ratio, IGF-1, telomere length, BDNF.","[""C(CCNCCCN)CN""]",registry_exact,Spermidine,1,NAD+ NADH ratio|IGF-1|telomere length|BDNF,train
intervention:tirzepatide,Tirzepatide,GLP1: GLP-1/GIP receptor agonist; incretin-based metabolic intervention,"Intervention profile: Tirzepatide. Mechanism hints: GLP1: GLP-1/GIP receptor agonist; incretin-based metabolic intervention. Observed biomarker categories: metabolic, oncology, inflammation, cardiovascular, body composition. Observed pathways: glucose metabolism, receptor tyrosine kinase signaling, inflammation signaling, coagulation cascade, muscle maintenance, lipid metabolism. Observed hallmarks: deregulated nutrient sensing, genomic instability, inflammaging, altered intercellular communication, stem cell exhaustion. Top linked biomarkers: HbA1c, MET, CRP, triglycerides, F2.","[""CC(C)CC(NC(=O)CNC(=O)C(CC(=O)O)NC(=O)C(CCCNC(=N)N)NC(=O)CNC(=O)C(CC1=CC=CC=C1)NC(=O)C(CO)NC(=O)C(CC(=O)O)NC(=O)CNC(=O)C(CCCNC(=N)N)NC(=O)C(C)NC(=O)C(CC2=CNC3=CC=CC=C23)NC(=O)C(C(C)C)NC(=O)C(C(C)C)NC(=O)CNC(=O)C(C(C)O)NC(=O)CNC(=O)CNC(=O)C(C(C)CC)NC(=O)C(C)NC(=O)C(C)N)C(=O)NCC(=O)N""]",supplemental_structure,Tirzepatide,1,HbA1c|MET|CRP|triglycerides|F2,val
intervention:urolithin_a,Urolithin A,"mitochondrial: Postbiotic geroprotector; activates AMPK and sirtuins, induces autophagy and mitochondrial quality control/mitophagy, with effects on mitochondrial and cardiometabolic function","Intervention profile: Urolithin A. Mechanism hints: mitochondrial: Postbiotic geroprotector; activates AMPK and sirtuins, induces autophagy and mitochondrial quality control/mitophagy, with effects on mitochondrial and cardiometabolic function. Observed biomarker categories: mitochondrial, inflammation, epigenetic aging, oncology. Observed pathways: bioenergetics, inflammation signaling, aging clocks, apoptosis regulation, redox balance, PI3K AKT mTOR signaling. Observed hallmarks: mitochondrial dysfunction, inflammaging, genomic instability. Top linked biomarkers: DunedinPACE, CRP, ATP production, NAD+ NADH ratio, PTEN.","[""O=C1OC2=CC(O)=CC(O)=C2C=C1""]",supplemental_structure,Urolithin A,1,DunedinPACE|CRP|ATP production|NAD+ NADH ratio|PTEN,train
