triplet_id,split,intervention,canonical_smiles,connectivity_smiles,molecule_type,component_count,positive_id,positive_text,negative_id,negative_text,negative_strategy,target_surrogate
mol_pair_triplet_metformin_hba1c,train,Metformin,CN(C)C(=N)N=C(N)N,CN(C)C(=N)N=C(N)N,single_molecule,1,pair:metformin_hba1c,Drug intervention: Metformin. Mechanism: AMPK activation and glucose homeostasis. Recommended surrogate: HbA1c. Biomarker category: metabolic. Pathway: glucose metabolism. Aging hallmark: deregulated nutrient sensing. Evidence score: 0.900. Surrogate confidence: 0.880. Literature support: 0.860. Reason: Strong medium-term metabolic surrogate that tracks glycemic response in metformin-like interventions.,pair:semaglutide_hba1c,Drug intervention: Semaglutide. Mechanism: GLP-1 receptor agonism and satiety signaling. Recommended surrogate: HbA1c. Biomarker category: metabolic. Pathway: glucose metabolism. Aging hallmark: deregulated nutrient sensing. Evidence score: 0.900. Surrogate confidence: 0.890. Literature support: 0.860. Reason: High-confidence surrogate for metabolic response to GLP-1 receptor agonism.,same_category,HbA1c
mol_pair_triplet_metformin_fasting_insulin,train,Metformin,CN(C)C(=N)N=C(N)N,CN(C)C(=N)N=C(N)N,single_molecule,1,pair:metformin_fasting_insulin,Drug intervention: Metformin. Mechanism: AMPK activation and glucose homeostasis. Recommended surrogate: fasting insulin. Biomarker category: metabolic. Pathway: insulin signaling. Aging hallmark: deregulated nutrient sensing. Evidence score: 0.860. Surrogate confidence: 0.840. Literature support: 0.800. Reason: Useful for early readout of improved insulin sensitivity downstream of AMPK activation.,pair:semaglutide_hba1c,Drug intervention: Semaglutide. Mechanism: GLP-1 receptor agonism and satiety signaling. Recommended surrogate: HbA1c. Biomarker category: metabolic. Pathway: glucose metabolism. Aging hallmark: deregulated nutrient sensing. Evidence score: 0.900. Surrogate confidence: 0.890. Literature support: 0.860. Reason: High-confidence surrogate for metabolic response to GLP-1 receptor agonism.,same_category,fasting insulin
mol_pair_triplet_metformin_homa_ir,train,Metformin,CN(C)C(=N)N=C(N)N,CN(C)C(=N)N=C(N)N,single_molecule,1,pair:metformin_homa_ir,Drug intervention: Metformin. Mechanism: AMPK activation and glucose homeostasis. Recommended surrogate: HOMA-IR. Biomarker category: metabolic. Pathway: insulin signaling. Aging hallmark: deregulated nutrient sensing. Evidence score: 0.840. Surrogate confidence: 0.820. Literature support: 0.780. Reason: Composite insulin-resistance surrogate aligned with metabolic flexibility claims.,pair:semaglutide_hba1c,Drug intervention: Semaglutide. Mechanism: GLP-1 receptor agonism and satiety signaling. Recommended surrogate: HbA1c. Biomarker category: metabolic. Pathway: glucose metabolism. Aging hallmark: deregulated nutrient sensing. Evidence score: 0.900. Surrogate confidence: 0.890. Literature support: 0.860. Reason: High-confidence surrogate for metabolic response to GLP-1 receptor agonism.,same_category,HOMA-IR
mol_pair_triplet_metformin_gdf15,train,Metformin,CN(C)C(=N)N=C(N)N,CN(C)C(=N)N=C(N)N,single_molecule,1,pair:metformin_gdf15,Drug intervention: Metformin. Mechanism: AMPK activation and glucose homeostasis. Recommended surrogate: GDF15. Biomarker category: stress response. Pathway: integrated stress response. Aging hallmark: cellular senescence. Evidence score: 0.800. Surrogate confidence: 0.740. Literature support: 0.720. Reason: Mechanistically relevant stress-response biomarker frequently discussed for metformin exposure and response.,pair:dasatinib_quercetin_gdf15,Drug intervention: Dasatinib + Quercetin. Mechanism: senolytic combination targeting senescent cell survival pathways. Recommended surrogate: GDF15. Biomarker category: stress response. Pathway: integrated stress response. Aging hallmark: cellular senescence. Evidence score: 0.730. Surrogate confidence: 0.640. Literature support: 0.610. Reason: Stress and tissue-dysfunction marker useful for translational follow-up.,same_category,GDF15
mol_pair_triplet_metformin_crp,train,Metformin,CN(C)C(=N)N=C(N)N,CN(C)C(=N)N=C(N)N,single_molecule,1,pair:metformin_crp,Drug intervention: Metformin. Mechanism: AMPK activation and glucose homeostasis. Recommended surrogate: CRP. Biomarker category: inflammation. Pathway: inflammation signaling. Aging hallmark: inflammaging. Evidence score: 0.750. Surrogate confidence: 0.660. Literature support: 0.700. Reason: Captures the inflammatory spillover often improved when metabolic control improves.,pair:rapamycin_il6,Drug intervention: Rapamycin. Mechanism: mTOR inhibition and autophagy. Recommended surrogate: IL6. Biomarker category: inflammation. Pathway: cytokine signaling. Aging hallmark: inflammaging. Evidence score: 0.820. Surrogate confidence: 0.710. Literature support: 0.740. Reason: Inflammatory cytokine suited to tracking immunometabolic effects of mTOR inhibition.,same_category,CRP
mol_pair_triplet_metformin_il6,train,Metformin,CN(C)C(=N)N=C(N)N,CN(C)C(=N)N=C(N)N,single_molecule,1,pair:metformin_il6,Drug intervention: Metformin. Mechanism: AMPK activation and glucose homeostasis. Recommended surrogate: IL6. Biomarker category: inflammation. Pathway: cytokine signaling. Aging hallmark: inflammaging. Evidence score: 0.720. Surrogate confidence: 0.630. Literature support: 0.670. Reason: Links metabolic intervention response to inflammaging biology.,pair:rapamycin_il6,Drug intervention: Rapamycin. Mechanism: mTOR inhibition and autophagy. Recommended surrogate: IL6. Biomarker category: inflammation. Pathway: cytokine signaling. Aging hallmark: inflammaging. Evidence score: 0.820. Surrogate confidence: 0.710. Literature support: 0.740. Reason: Inflammatory cytokine suited to tracking immunometabolic effects of mTOR inhibition.,same_category,IL6
mol_pair_triplet_rapamycin_il6,val,Rapamycin,CC1CCC2CC(C(=CC=CC=CC(CC(C(=O)C(C(C(=CC(C(=O)CC(OC(=O)C3CCCCN3C(=O)C(=O)C1(O2)O)C(C)CC4CCC(C(C4)OC)O)C)C)O)OC)C)C)C)OC,CC1CCC2CC(C(=CC=CC=CC(CC(C(=O)C(C(C(=CC(C(=O)CC(OC(=O)C3CCCCN3C(=O)C(=O)C1(O2)O)C(C)CC4CCC(C(C4)OC)O)C)C)O)OC)C)C)C)OC,single_molecule,1,pair:rapamycin_il6,Drug intervention: Rapamycin. Mechanism: mTOR inhibition and autophagy. Recommended surrogate: IL6. Biomarker category: inflammation. Pathway: cytokine signaling. Aging hallmark: inflammaging. Evidence score: 0.820. Surrogate confidence: 0.710. Literature support: 0.740. Reason: Inflammatory cytokine suited to tracking immunometabolic effects of mTOR inhibition.,pair:dasatinib_quercetin_il6,Drug intervention: Dasatinib + Quercetin. Mechanism: senolytic combination targeting senescent cell survival pathways. Recommended surrogate: IL6. Biomarker category: inflammation. Pathway: cytokine signaling. Aging hallmark: inflammaging. Evidence score: 0.800. Surrogate confidence: 0.700. Literature support: 0.720. Reason: Inflammatory cytokine linked to SASP and inflammaging.,same_category,IL6
mol_pair_triplet_rapamycin_crp,val,Rapamycin,CC1CCC2CC(C(=CC=CC=CC(CC(C(=O)C(C(C(=CC(C(=O)CC(OC(=O)C3CCCCN3C(=O)C(=O)C1(O2)O)C(C)CC4CCC(C(C4)OC)O)C)C)O)OC)C)C)C)OC,CC1CCC2CC(C(=CC=CC=CC(CC(C(=O)C(C(C(=CC(C(=O)CC(OC(=O)C3CCCCN3C(=O)C(=O)C1(O2)O)C(C)CC4CCC(C(C4)OC)O)C)C)O)OC)C)C)C)OC,single_molecule,1,pair:rapamycin_crp,Drug intervention: Rapamycin. Mechanism: mTOR inhibition and autophagy. Recommended surrogate: CRP. Biomarker category: inflammation. Pathway: inflammation signaling. Aging hallmark: inflammaging. Evidence score: 0.780. Surrogate confidence: 0.660. Literature support: 0.720. Reason: Accessible systemic inflammation surrogate for rapamycin-like interventions.,pair:dasatinib_quercetin_il6,Drug intervention: Dasatinib + Quercetin. Mechanism: senolytic combination targeting senescent cell survival pathways. Recommended surrogate: IL6. Biomarker category: inflammation. Pathway: cytokine signaling. Aging hallmark: inflammaging. Evidence score: 0.800. Surrogate confidence: 0.700. Literature support: 0.720. Reason: Inflammatory cytokine linked to SASP and inflammaging.,same_category,CRP
mol_pair_triplet_rapamycin_epigenetic_clock,val,Rapamycin,CC1CCC2CC(C(=CC=CC=CC(CC(C(=O)C(C(C(=CC(C(=O)CC(OC(=O)C3CCCCN3C(=O)C(=O)C1(O2)O)C(C)CC4CCC(C(C4)OC)O)C)C)O)OC)C)C)C)OC,CC1CCC2CC(C(=CC=CC=CC(CC(C(=O)C(C(C(=CC(C(=O)CC(OC(=O)C3CCCCN3C(=O)C(=O)C1(O2)O)C(C)CC4CCC(C(C4)OC)O)C)C)O)OC)C)C)C)OC,single_molecule,1,pair:rapamycin_epigenetic_clock,Drug intervention: Rapamycin. Mechanism: mTOR inhibition and autophagy. Recommended surrogate: epigenetic clock. Biomarker category: epigenetic aging. Pathway: aging clocks. Aging hallmark: genomic instability. Evidence score: 0.760. Surrogate confidence: 0.800. Literature support: 0.620. Reason: Longer-horizon systems-level surrogate for biological age modulation.,pair:spermidine_epigenetic_clock,Drug intervention: Spermidine. Mechanism: autophagy induction and cellular maintenance. Recommended surrogate: epigenetic clock. Biomarker category: epigenetic aging. Pathway: aging clocks. Aging hallmark: genomic instability. Evidence score: 0.760. Surrogate confidence: 0.780. Literature support: 0.600. Reason: Useful high-level aging surrogate for autophagy-focused interventions.,same_category,epigenetic clock
mol_pair_triplet_rapamycin_igf_1,val,Rapamycin,CC1CCC2CC(C(=CC=CC=CC(CC(C(=O)C(C(C(=CC(C(=O)CC(OC(=O)C3CCCCN3C(=O)C(=O)C1(O2)O)C(C)CC4CCC(C(C4)OC)O)C)C)O)OC)C)C)C)OC,CC1CCC2CC(C(=CC=CC=CC(CC(C(=O)C(C(C(=CC(C(=O)CC(OC(=O)C3CCCCN3C(=O)C(=O)C1(O2)O)C(C)CC4CCC(C(C4)OC)O)C)C)O)OC)C)C)C)OC,single_molecule,1,pair:rapamycin_igf_1,Drug intervention: Rapamycin. Mechanism: mTOR inhibition and autophagy. Recommended surrogate: IGF-1. Biomarker category: growth signaling. Pathway: insulin IGF signaling. Aging hallmark: deregulated nutrient sensing. Evidence score: 0.740. Surrogate confidence: 0.680. Literature support: 0.660. Reason: Nutrient-sensing related biomarker consistent with upstream pathway modulation.,pair:metformin_hba1c,Drug intervention: Metformin. Mechanism: AMPK activation and glucose homeostasis. Recommended surrogate: HbA1c. Biomarker category: metabolic. Pathway: glucose metabolism. Aging hallmark: deregulated nutrient sensing. Evidence score: 0.900. Surrogate confidence: 0.880. Literature support: 0.860. Reason: Strong medium-term metabolic surrogate that tracks glycemic response in metformin-like interventions.,same_hallmark,IGF-1
mol_pair_triplet_rapamycin_fasting_insulin,val,Rapamycin,CC1CCC2CC(C(=CC=CC=CC(CC(C(=O)C(C(C(=CC(C(=O)CC(OC(=O)C3CCCCN3C(=O)C(=O)C1(O2)O)C(C)CC4CCC(C(C4)OC)O)C)C)O)OC)C)C)C)OC,CC1CCC2CC(C(=CC=CC=CC(CC(C(=O)C(C(C(=CC(C(=O)CC(OC(=O)C3CCCCN3C(=O)C(=O)C1(O2)O)C(C)CC4CCC(C(C4)OC)O)C)C)O)OC)C)C)C)OC,single_molecule,1,pair:rapamycin_fasting_insulin,Drug intervention: Rapamycin. Mechanism: mTOR inhibition and autophagy. Recommended surrogate: fasting insulin. Biomarker category: metabolic. Pathway: insulin signaling. Aging hallmark: deregulated nutrient sensing. Evidence score: 0.700. Surrogate confidence: 0.610. Literature support: 0.580. Reason: Useful when rapamycin-like effects spill into insulin signaling or metabolic adaptation.,pair:metformin_hba1c,Drug intervention: Metformin. Mechanism: AMPK activation and glucose homeostasis. Recommended surrogate: HbA1c. Biomarker category: metabolic. Pathway: glucose metabolism. Aging hallmark: deregulated nutrient sensing. Evidence score: 0.900. Surrogate confidence: 0.880. Literature support: 0.860. Reason: Strong medium-term metabolic surrogate that tracks glycemic response in metformin-like interventions.,same_category,fasting insulin
mol_pair_triplet_rapamycin_gdf15,val,Rapamycin,CC1CCC2CC(C(=CC=CC=CC(CC(C(=O)C(C(C(=CC(C(=O)CC(OC(=O)C3CCCCN3C(=O)C(=O)C1(O2)O)C(C)CC4CCC(C(C4)OC)O)C)C)O)OC)C)C)C)OC,CC1CCC2CC(C(=CC=CC=CC(CC(C(=O)C(C(C(=CC(C(=O)CC(OC(=O)C3CCCCN3C(=O)C(=O)C1(O2)O)C(C)CC4CCC(C(C4)OC)O)C)C)O)OC)C)C)C)OC,single_molecule,1,pair:rapamycin_gdf15,Drug intervention: Rapamycin. Mechanism: mTOR inhibition and autophagy. Recommended surrogate: GDF15. Biomarker category: stress response. Pathway: integrated stress response. Aging hallmark: cellular senescence. Evidence score: 0.680. Surrogate confidence: 0.600. Literature support: 0.570. Reason: Stress-response marker that can capture systemic adaptation and tolerability signals.,pair:metformin_gdf15,Drug intervention: Metformin. Mechanism: AMPK activation and glucose homeostasis. Recommended surrogate: GDF15. Biomarker category: stress response. Pathway: integrated stress response. Aging hallmark: cellular senescence. Evidence score: 0.800. Surrogate confidence: 0.740. Literature support: 0.720. Reason: Mechanistically relevant stress-response biomarker frequently discussed for metformin exposure and response.,same_category,GDF15
mol_pair_triplet_acarbose_hba1c,train,Acarbose,CC1C(C(C(C(O1)OC2C(OC(C(C2O)O)OC(C(CO)O)C(C(C=O)O)O)CO)O)O)NC3C=C(C(C(C3O)O)O)CO,CC1C(C(C(C(O1)OC2C(OC(C(C2O)O)OC(C(CO)O)C(C(C=O)O)O)CO)O)O)NC3C=C(C(C(C3O)O)O)CO,single_molecule,1,pair:acarbose_hba1c,Drug intervention: Acarbose. Mechanism: postprandial glucose modulation. Recommended surrogate: HbA1c. Biomarker category: metabolic. Pathway: glucose metabolism. Aging hallmark: deregulated nutrient sensing. Evidence score: 0.860. Surrogate confidence: 0.830. Literature support: 0.790. Reason: Classic downstream surrogate for reduced glucose excursions over time.,pair:metformin_hba1c,Drug intervention: Metformin. Mechanism: AMPK activation and glucose homeostasis. Recommended surrogate: HbA1c. Biomarker category: metabolic. Pathway: glucose metabolism. Aging hallmark: deregulated nutrient sensing. Evidence score: 0.900. Surrogate confidence: 0.880. Literature support: 0.860. Reason: Strong medium-term metabolic surrogate that tracks glycemic response in metformin-like interventions.,same_category,HbA1c
mol_pair_triplet_acarbose_fasting_glucose,train,Acarbose,CC1C(C(C(C(O1)OC2C(OC(C(C2O)O)OC(C(CO)O)C(C(C=O)O)O)CO)O)O)NC3C=C(C(C(C3O)O)O)CO,CC1C(C(C(C(O1)OC2C(OC(C(C2O)O)OC(C(CO)O)C(C(C=O)O)O)CO)O)O)NC3C=C(C(C(C3O)O)O)CO,single_molecule,1,pair:acarbose_fasting_glucose,Drug intervention: Acarbose. Mechanism: postprandial glucose modulation. Recommended surrogate: fasting glucose. Biomarker category: metabolic. Pathway: glucose metabolism. Aging hallmark: deregulated nutrient sensing. Evidence score: 0.840. Surrogate confidence: 0.800. Literature support: 0.760. Reason: Direct and interpretable surrogate for improved glycemic exposure.,pair:metformin_hba1c,Drug intervention: Metformin. Mechanism: AMPK activation and glucose homeostasis. Recommended surrogate: HbA1c. Biomarker category: metabolic. Pathway: glucose metabolism. Aging hallmark: deregulated nutrient sensing. Evidence score: 0.900. Surrogate confidence: 0.880. Literature support: 0.860. Reason: Strong medium-term metabolic surrogate that tracks glycemic response in metformin-like interventions.,same_category,fasting glucose
mol_pair_triplet_acarbose_fasting_insulin,train,Acarbose,CC1C(C(C(C(O1)OC2C(OC(C(C2O)O)OC(C(CO)O)C(C(C=O)O)O)CO)O)O)NC3C=C(C(C(C3O)O)O)CO,CC1C(C(C(C(O1)OC2C(OC(C(C2O)O)OC(C(CO)O)C(C(C=O)O)O)CO)O)O)NC3C=C(C(C(C3O)O)O)CO,single_molecule,1,pair:acarbose_fasting_insulin,Drug intervention: Acarbose. Mechanism: postprandial glucose modulation. Recommended surrogate: fasting insulin. Biomarker category: metabolic. Pathway: insulin signaling. Aging hallmark: deregulated nutrient sensing. Evidence score: 0.790. Surrogate confidence: 0.760. Literature support: 0.700. Reason: Helps capture downstream reductions in insulin demand.,pair:metformin_hba1c,Drug intervention: Metformin. Mechanism: AMPK activation and glucose homeostasis. Recommended surrogate: HbA1c. Biomarker category: metabolic. Pathway: glucose metabolism. Aging hallmark: deregulated nutrient sensing. Evidence score: 0.900. Surrogate confidence: 0.880. Literature support: 0.860. Reason: Strong medium-term metabolic surrogate that tracks glycemic response in metformin-like interventions.,same_category,fasting insulin
mol_pair_triplet_acarbose_homa_ir,train,Acarbose,CC1C(C(C(C(O1)OC2C(OC(C(C2O)O)OC(C(CO)O)C(C(C=O)O)O)CO)O)O)NC3C=C(C(C(C3O)O)O)CO,CC1C(C(C(C(O1)OC2C(OC(C(C2O)O)OC(C(CO)O)C(C(C=O)O)O)CO)O)O)NC3C=C(C(C(C3O)O)O)CO,single_molecule,1,pair:acarbose_homa_ir,Drug intervention: Acarbose. Mechanism: postprandial glucose modulation. Recommended surrogate: HOMA-IR. Biomarker category: metabolic. Pathway: insulin signaling. Aging hallmark: deregulated nutrient sensing. Evidence score: 0.780. Surrogate confidence: 0.750. Literature support: 0.690. Reason: Useful summary surrogate when insulin resistance is part of the trial story.,pair:metformin_hba1c,Drug intervention: Metformin. Mechanism: AMPK activation and glucose homeostasis. Recommended surrogate: HbA1c. Biomarker category: metabolic. Pathway: glucose metabolism. Aging hallmark: deregulated nutrient sensing. Evidence score: 0.900. Surrogate confidence: 0.880. Literature support: 0.860. Reason: Strong medium-term metabolic surrogate that tracks glycemic response in metformin-like interventions.,same_category,HOMA-IR
mol_pair_triplet_acarbose_triglycerides,train,Acarbose,CC1C(C(C(C(O1)OC2C(OC(C(C2O)O)OC(C(CO)O)C(C(C=O)O)O)CO)O)O)NC3C=C(C(C(C3O)O)O)CO,CC1C(C(C(C(O1)OC2C(OC(C(C2O)O)OC(C(CO)O)C(C(C=O)O)O)CO)O)O)NC3C=C(C(C(C3O)O)O)CO,single_molecule,1,pair:acarbose_triglycerides,Drug intervention: Acarbose. Mechanism: postprandial glucose modulation. Recommended surrogate: triglycerides. Biomarker category: metabolic. Pathway: lipid metabolism. Aging hallmark: deregulated nutrient sensing. Evidence score: 0.710. Surrogate confidence: 0.630. Literature support: 0.620. Reason: Cardiometabolic readout that often improves alongside better postprandial control.,pair:metformin_hba1c,Drug intervention: Metformin. Mechanism: AMPK activation and glucose homeostasis. Recommended surrogate: HbA1c. Biomarker category: metabolic. Pathway: glucose metabolism. Aging hallmark: deregulated nutrient sensing. Evidence score: 0.900. Surrogate confidence: 0.880. Literature support: 0.860. Reason: Strong medium-term metabolic surrogate that tracks glycemic response in metformin-like interventions.,same_category,triglycerides
mol_pair_triplet_acarbose_crp,train,Acarbose,CC1C(C(C(C(O1)OC2C(OC(C(C2O)O)OC(C(CO)O)C(C(C=O)O)O)CO)O)O)NC3C=C(C(C(C3O)O)O)CO,CC1C(C(C(C(O1)OC2C(OC(C(C2O)O)OC(C(CO)O)C(C(C=O)O)O)CO)O)O)NC3C=C(C(C(C3O)O)O)CO,single_molecule,1,pair:acarbose_crp,Drug intervention: Acarbose. Mechanism: postprandial glucose modulation. Recommended surrogate: CRP. Biomarker category: inflammation. Pathway: inflammation signaling. Aging hallmark: inflammaging. Evidence score: 0.670. Surrogate confidence: 0.580. Literature support: 0.560. Reason: Secondary inflammation surrogate when metabolic improvement reduces low-grade inflammation.,pair:rapamycin_il6,Drug intervention: Rapamycin. Mechanism: mTOR inhibition and autophagy. Recommended surrogate: IL6. Biomarker category: inflammation. Pathway: cytokine signaling. Aging hallmark: inflammaging. Evidence score: 0.820. Surrogate confidence: 0.710. Literature support: 0.740. Reason: Inflammatory cytokine suited to tracking immunometabolic effects of mTOR inhibition.,same_category,CRP
mol_pair_triplet_semaglutide_hba1c,test,Semaglutide,CCC(C)C(C(=O)NC(C)C(=O)NC(CC1=CNC2=CC=CC=C21)C(=O)NC(CC(C)C)C(=O)NC(C(C)C)C(=O)NC(CCCNC(=N)N)C(=O)NCC(=O)NC(CCCNC(=N)N)C(=O)NCC(=O)O)NC(=O)C(CC3=CC=CC=C3)NC(=O)C(CCC(=O)O)NC(=O)C(CCCCNC(=O)COCCOCCNC(=O)COCCOCCNC(=O)CCC(C(=O)O)NC(=O)CCCCCCCCCCCCCCCCC(=O)O)NC(=O)C(C)NC(=O)C(C)NC(=O)C(CCC(=O)N)NC(=O)CNC(=O)C(CCC(=O)O)NC(=O)C(CC(C)C)NC(=O)C(CC4=CC=C(C=C4)O)NC(=O)C(CO)NC(=O)C(CO)NC(=O)C(C(C)C)NC(=O)C(CC(=O)O)NC(=O)C(CO)NC(=O)C(C(C)O)NC(=O)C(CC5=CC=CC=C5)NC(=O)C(C(C)O)NC(=O)CNC(=O)C(CCC(=O)O)NC(=O)C(C)(C)NC(=O)C(CC6=CN=CN6)N,CCC(C)C(C(=O)NC(C)C(=O)NC(CC1=CNC2=CC=CC=C21)C(=O)NC(CC(C)C)C(=O)NC(C(C)C)C(=O)NC(CCCNC(=N)N)C(=O)NCC(=O)NC(CCCNC(=N)N)C(=O)NCC(=O)O)NC(=O)C(CC3=CC=CC=C3)NC(=O)C(CCC(=O)O)NC(=O)C(CCCCNC(=O)COCCOCCNC(=O)COCCOCCNC(=O)CCC(C(=O)O)NC(=O)CCCCCCCCCCCCCCCCC(=O)O)NC(=O)C(C)NC(=O)C(C)NC(=O)C(CCC(=O)N)NC(=O)CNC(=O)C(CCC(=O)O)NC(=O)C(CC(C)C)NC(=O)C(CC4=CC=C(C=C4)O)NC(=O)C(CO)NC(=O)C(CO)NC(=O)C(C(C)C)NC(=O)C(CC(=O)O)NC(=O)C(CO)NC(=O)C(C(C)O)NC(=O)C(CC5=CC=CC=C5)NC(=O)C(C(C)O)NC(=O)CNC(=O)C(CCC(=O)O)NC(=O)C(C)(C)NC(=O)C(CC6=CN=CN6)N,single_molecule,1,pair:semaglutide_hba1c,Drug intervention: Semaglutide. Mechanism: GLP-1 receptor agonism and satiety signaling. Recommended surrogate: HbA1c. Biomarker category: metabolic. Pathway: glucose metabolism. Aging hallmark: deregulated nutrient sensing. Evidence score: 0.900. Surrogate confidence: 0.890. Literature support: 0.860. Reason: High-confidence surrogate for metabolic response to GLP-1 receptor agonism.,pair:metformin_hba1c,Drug intervention: Metformin. Mechanism: AMPK activation and glucose homeostasis. Recommended surrogate: HbA1c. Biomarker category: metabolic. Pathway: glucose metabolism. Aging hallmark: deregulated nutrient sensing. Evidence score: 0.900. Surrogate confidence: 0.880. Literature support: 0.860. Reason: Strong medium-term metabolic surrogate that tracks glycemic response in metformin-like interventions.,same_category,HbA1c
mol_pair_triplet_semaglutide_fasting_glucose,test,Semaglutide,CCC(C)C(C(=O)NC(C)C(=O)NC(CC1=CNC2=CC=CC=C21)C(=O)NC(CC(C)C)C(=O)NC(C(C)C)C(=O)NC(CCCNC(=N)N)C(=O)NCC(=O)NC(CCCNC(=N)N)C(=O)NCC(=O)O)NC(=O)C(CC3=CC=CC=C3)NC(=O)C(CCC(=O)O)NC(=O)C(CCCCNC(=O)COCCOCCNC(=O)COCCOCCNC(=O)CCC(C(=O)O)NC(=O)CCCCCCCCCCCCCCCCC(=O)O)NC(=O)C(C)NC(=O)C(C)NC(=O)C(CCC(=O)N)NC(=O)CNC(=O)C(CCC(=O)O)NC(=O)C(CC(C)C)NC(=O)C(CC4=CC=C(C=C4)O)NC(=O)C(CO)NC(=O)C(CO)NC(=O)C(C(C)C)NC(=O)C(CC(=O)O)NC(=O)C(CO)NC(=O)C(C(C)O)NC(=O)C(CC5=CC=CC=C5)NC(=O)C(C(C)O)NC(=O)CNC(=O)C(CCC(=O)O)NC(=O)C(C)(C)NC(=O)C(CC6=CN=CN6)N,CCC(C)C(C(=O)NC(C)C(=O)NC(CC1=CNC2=CC=CC=C21)C(=O)NC(CC(C)C)C(=O)NC(C(C)C)C(=O)NC(CCCNC(=N)N)C(=O)NCC(=O)NC(CCCNC(=N)N)C(=O)NCC(=O)O)NC(=O)C(CC3=CC=CC=C3)NC(=O)C(CCC(=O)O)NC(=O)C(CCCCNC(=O)COCCOCCNC(=O)COCCOCCNC(=O)CCC(C(=O)O)NC(=O)CCCCCCCCCCCCCCCCC(=O)O)NC(=O)C(C)NC(=O)C(C)NC(=O)C(CCC(=O)N)NC(=O)CNC(=O)C(CCC(=O)O)NC(=O)C(CC(C)C)NC(=O)C(CC4=CC=C(C=C4)O)NC(=O)C(CO)NC(=O)C(CO)NC(=O)C(C(C)C)NC(=O)C(CC(=O)O)NC(=O)C(CO)NC(=O)C(C(C)O)NC(=O)C(CC5=CC=CC=C5)NC(=O)C(C(C)O)NC(=O)CNC(=O)C(CCC(=O)O)NC(=O)C(C)(C)NC(=O)C(CC6=CN=CN6)N,single_molecule,1,pair:semaglutide_fasting_glucose,Drug intervention: Semaglutide. Mechanism: GLP-1 receptor agonism and satiety signaling. Recommended surrogate: fasting glucose. Biomarker category: metabolic. Pathway: glucose metabolism. Aging hallmark: deregulated nutrient sensing. Evidence score: 0.870. Surrogate confidence: 0.850. Literature support: 0.820. Reason: Rapid readout of improved glucose regulation.,pair:metformin_hba1c,Drug intervention: Metformin. Mechanism: AMPK activation and glucose homeostasis. Recommended surrogate: HbA1c. Biomarker category: metabolic. Pathway: glucose metabolism. Aging hallmark: deregulated nutrient sensing. Evidence score: 0.900. Surrogate confidence: 0.880. Literature support: 0.860. Reason: Strong medium-term metabolic surrogate that tracks glycemic response in metformin-like interventions.,same_category,fasting glucose
mol_pair_triplet_semaglutide_body_fat_percentage,test,Semaglutide,CCC(C)C(C(=O)NC(C)C(=O)NC(CC1=CNC2=CC=CC=C21)C(=O)NC(CC(C)C)C(=O)NC(C(C)C)C(=O)NC(CCCNC(=N)N)C(=O)NCC(=O)NC(CCCNC(=N)N)C(=O)NCC(=O)O)NC(=O)C(CC3=CC=CC=C3)NC(=O)C(CCC(=O)O)NC(=O)C(CCCCNC(=O)COCCOCCNC(=O)COCCOCCNC(=O)CCC(C(=O)O)NC(=O)CCCCCCCCCCCCCCCCC(=O)O)NC(=O)C(C)NC(=O)C(C)NC(=O)C(CCC(=O)N)NC(=O)CNC(=O)C(CCC(=O)O)NC(=O)C(CC(C)C)NC(=O)C(CC4=CC=C(C=C4)O)NC(=O)C(CO)NC(=O)C(CO)NC(=O)C(C(C)C)NC(=O)C(CC(=O)O)NC(=O)C(CO)NC(=O)C(C(C)O)NC(=O)C(CC5=CC=CC=C5)NC(=O)C(C(C)O)NC(=O)CNC(=O)C(CCC(=O)O)NC(=O)C(C)(C)NC(=O)C(CC6=CN=CN6)N,CCC(C)C(C(=O)NC(C)C(=O)NC(CC1=CNC2=CC=CC=C21)C(=O)NC(CC(C)C)C(=O)NC(C(C)C)C(=O)NC(CCCNC(=N)N)C(=O)NCC(=O)NC(CCCNC(=N)N)C(=O)NCC(=O)O)NC(=O)C(CC3=CC=CC=C3)NC(=O)C(CCC(=O)O)NC(=O)C(CCCCNC(=O)COCCOCCNC(=O)COCCOCCNC(=O)CCC(C(=O)O)NC(=O)CCCCCCCCCCCCCCCCC(=O)O)NC(=O)C(C)NC(=O)C(C)NC(=O)C(CCC(=O)N)NC(=O)CNC(=O)C(CCC(=O)O)NC(=O)C(CC(C)C)NC(=O)C(CC4=CC=C(C=C4)O)NC(=O)C(CO)NC(=O)C(CO)NC(=O)C(C(C)C)NC(=O)C(CC(=O)O)NC(=O)C(CO)NC(=O)C(C(C)O)NC(=O)C(CC5=CC=CC=C5)NC(=O)C(C(C)O)NC(=O)CNC(=O)C(CCC(=O)O)NC(=O)C(C)(C)NC(=O)C(CC6=CN=CN6)N,single_molecule,1,pair:semaglutide_body_fat_percentage,Drug intervention: Semaglutide. Mechanism: GLP-1 receptor agonism and satiety signaling. Recommended surrogate: body fat percentage. Biomarker category: body composition. Pathway: energy balance. Aging hallmark: deregulated nutrient sensing. Evidence score: 0.840. Surrogate confidence: 0.780. Literature support: 0.800. Reason: Strong body-composition surrogate consistent with satiety-driven weight reduction.,pair:liraglutide_body_fat_percentage,Drug intervention: Liraglutide. Mechanism: GLP-1 receptor agonism and metabolic regulation. Recommended surrogate: body fat percentage. Biomarker category: body composition. Pathway: energy balance. Aging hallmark: deregulated nutrient sensing. Evidence score: 0.820. Surrogate confidence: 0.750. Literature support: 0.760. Reason: Good demo-friendly surrogate for adiposity reduction over months.,same_category,body fat percentage
mol_pair_triplet_semaglutide_fasting_insulin,test,Semaglutide,CCC(C)C(C(=O)NC(C)C(=O)NC(CC1=CNC2=CC=CC=C21)C(=O)NC(CC(C)C)C(=O)NC(C(C)C)C(=O)NC(CCCNC(=N)N)C(=O)NCC(=O)NC(CCCNC(=N)N)C(=O)NCC(=O)O)NC(=O)C(CC3=CC=CC=C3)NC(=O)C(CCC(=O)O)NC(=O)C(CCCCNC(=O)COCCOCCNC(=O)COCCOCCNC(=O)CCC(C(=O)O)NC(=O)CCCCCCCCCCCCCCCCC(=O)O)NC(=O)C(C)NC(=O)C(C)NC(=O)C(CCC(=O)N)NC(=O)CNC(=O)C(CCC(=O)O)NC(=O)C(CC(C)C)NC(=O)C(CC4=CC=C(C=C4)O)NC(=O)C(CO)NC(=O)C(CO)NC(=O)C(C(C)C)NC(=O)C(CC(=O)O)NC(=O)C(CO)NC(=O)C(C(C)O)NC(=O)C(CC5=CC=CC=C5)NC(=O)C(C(C)O)NC(=O)CNC(=O)C(CCC(=O)O)NC(=O)C(C)(C)NC(=O)C(CC6=CN=CN6)N,CCC(C)C(C(=O)NC(C)C(=O)NC(CC1=CNC2=CC=CC=C21)C(=O)NC(CC(C)C)C(=O)NC(C(C)C)C(=O)NC(CCCNC(=N)N)C(=O)NCC(=O)NC(CCCNC(=N)N)C(=O)NCC(=O)O)NC(=O)C(CC3=CC=CC=C3)NC(=O)C(CCC(=O)O)NC(=O)C(CCCCNC(=O)COCCOCCNC(=O)COCCOCCNC(=O)CCC(C(=O)O)NC(=O)CCCCCCCCCCCCCCCCC(=O)O)NC(=O)C(C)NC(=O)C(C)NC(=O)C(CCC(=O)N)NC(=O)CNC(=O)C(CCC(=O)O)NC(=O)C(CC(C)C)NC(=O)C(CC4=CC=C(C=C4)O)NC(=O)C(CO)NC(=O)C(CO)NC(=O)C(C(C)C)NC(=O)C(CC(=O)O)NC(=O)C(CO)NC(=O)C(C(C)O)NC(=O)C(CC5=CC=CC=C5)NC(=O)C(C(C)O)NC(=O)CNC(=O)C(CCC(=O)O)NC(=O)C(C)(C)NC(=O)C(CC6=CN=CN6)N,single_molecule,1,pair:semaglutide_fasting_insulin,Drug intervention: Semaglutide. Mechanism: GLP-1 receptor agonism and satiety signaling. Recommended surrogate: fasting insulin. Biomarker category: metabolic. Pathway: insulin signaling. Aging hallmark: deregulated nutrient sensing. Evidence score: 0.830. Surrogate confidence: 0.800. Literature support: 0.750. Reason: Captures improved insulin sensitivity and lower insulin demand.,pair:metformin_hba1c,Drug intervention: Metformin. Mechanism: AMPK activation and glucose homeostasis. Recommended surrogate: HbA1c. Biomarker category: metabolic. Pathway: glucose metabolism. Aging hallmark: deregulated nutrient sensing. Evidence score: 0.900. Surrogate confidence: 0.880. Literature support: 0.860. Reason: Strong medium-term metabolic surrogate that tracks glycemic response in metformin-like interventions.,same_category,fasting insulin
mol_pair_triplet_semaglutide_triglycerides,test,Semaglutide,CCC(C)C(C(=O)NC(C)C(=O)NC(CC1=CNC2=CC=CC=C21)C(=O)NC(CC(C)C)C(=O)NC(C(C)C)C(=O)NC(CCCNC(=N)N)C(=O)NCC(=O)NC(CCCNC(=N)N)C(=O)NCC(=O)O)NC(=O)C(CC3=CC=CC=C3)NC(=O)C(CCC(=O)O)NC(=O)C(CCCCNC(=O)COCCOCCNC(=O)COCCOCCNC(=O)CCC(C(=O)O)NC(=O)CCCCCCCCCCCCCCCCC(=O)O)NC(=O)C(C)NC(=O)C(C)NC(=O)C(CCC(=O)N)NC(=O)CNC(=O)C(CCC(=O)O)NC(=O)C(CC(C)C)NC(=O)C(CC4=CC=C(C=C4)O)NC(=O)C(CO)NC(=O)C(CO)NC(=O)C(C(C)C)NC(=O)C(CC(=O)O)NC(=O)C(CO)NC(=O)C(C(C)O)NC(=O)C(CC5=CC=CC=C5)NC(=O)C(C(C)O)NC(=O)CNC(=O)C(CCC(=O)O)NC(=O)C(C)(C)NC(=O)C(CC6=CN=CN6)N,CCC(C)C(C(=O)NC(C)C(=O)NC(CC1=CNC2=CC=CC=C21)C(=O)NC(CC(C)C)C(=O)NC(C(C)C)C(=O)NC(CCCNC(=N)N)C(=O)NCC(=O)NC(CCCNC(=N)N)C(=O)NCC(=O)O)NC(=O)C(CC3=CC=CC=C3)NC(=O)C(CCC(=O)O)NC(=O)C(CCCCNC(=O)COCCOCCNC(=O)COCCOCCNC(=O)CCC(C(=O)O)NC(=O)CCCCCCCCCCCCCCCCC(=O)O)NC(=O)C(C)NC(=O)C(C)NC(=O)C(CCC(=O)N)NC(=O)CNC(=O)C(CCC(=O)O)NC(=O)C(CC(C)C)NC(=O)C(CC4=CC=C(C=C4)O)NC(=O)C(CO)NC(=O)C(CO)NC(=O)C(C(C)C)NC(=O)C(CC(=O)O)NC(=O)C(CO)NC(=O)C(C(C)O)NC(=O)C(CC5=CC=CC=C5)NC(=O)C(C(C)O)NC(=O)CNC(=O)C(CCC(=O)O)NC(=O)C(C)(C)NC(=O)C(CC6=CN=CN6)N,single_molecule,1,pair:semaglutide_triglycerides,Drug intervention: Semaglutide. Mechanism: GLP-1 receptor agonism and satiety signaling. Recommended surrogate: triglycerides. Biomarker category: metabolic. Pathway: lipid metabolism. Aging hallmark: deregulated nutrient sensing. Evidence score: 0.790. Surrogate confidence: 0.700. Literature support: 0.720. Reason: Useful cardiometabolic surrogate beyond glycemia alone.,pair:metformin_hba1c,Drug intervention: Metformin. Mechanism: AMPK activation and glucose homeostasis. Recommended surrogate: HbA1c. Biomarker category: metabolic. Pathway: glucose metabolism. Aging hallmark: deregulated nutrient sensing. Evidence score: 0.900. Surrogate confidence: 0.880. Literature support: 0.860. Reason: Strong medium-term metabolic surrogate that tracks glycemic response in metformin-like interventions.,same_category,triglycerides
mol_pair_triplet_semaglutide_ldl_c,test,Semaglutide,CCC(C)C(C(=O)NC(C)C(=O)NC(CC1=CNC2=CC=CC=C21)C(=O)NC(CC(C)C)C(=O)NC(C(C)C)C(=O)NC(CCCNC(=N)N)C(=O)NCC(=O)NC(CCCNC(=N)N)C(=O)NCC(=O)O)NC(=O)C(CC3=CC=CC=C3)NC(=O)C(CCC(=O)O)NC(=O)C(CCCCNC(=O)COCCOCCNC(=O)COCCOCCNC(=O)CCC(C(=O)O)NC(=O)CCCCCCCCCCCCCCCCC(=O)O)NC(=O)C(C)NC(=O)C(C)NC(=O)C(CCC(=O)N)NC(=O)CNC(=O)C(CCC(=O)O)NC(=O)C(CC(C)C)NC(=O)C(CC4=CC=C(C=C4)O)NC(=O)C(CO)NC(=O)C(CO)NC(=O)C(C(C)C)NC(=O)C(CC(=O)O)NC(=O)C(CO)NC(=O)C(C(C)O)NC(=O)C(CC5=CC=CC=C5)NC(=O)C(C(C)O)NC(=O)CNC(=O)C(CCC(=O)O)NC(=O)C(C)(C)NC(=O)C(CC6=CN=CN6)N,CCC(C)C(C(=O)NC(C)C(=O)NC(CC1=CNC2=CC=CC=C21)C(=O)NC(CC(C)C)C(=O)NC(C(C)C)C(=O)NC(CCCNC(=N)N)C(=O)NCC(=O)NC(CCCNC(=N)N)C(=O)NCC(=O)O)NC(=O)C(CC3=CC=CC=C3)NC(=O)C(CCC(=O)O)NC(=O)C(CCCCNC(=O)COCCOCCNC(=O)COCCOCCNC(=O)CCC(C(=O)O)NC(=O)CCCCCCCCCCCCCCCCC(=O)O)NC(=O)C(C)NC(=O)C(C)NC(=O)C(CCC(=O)N)NC(=O)CNC(=O)C(CCC(=O)O)NC(=O)C(CC(C)C)NC(=O)C(CC4=CC=C(C=C4)O)NC(=O)C(CO)NC(=O)C(CO)NC(=O)C(C(C)C)NC(=O)C(CC(=O)O)NC(=O)C(CO)NC(=O)C(C(C)O)NC(=O)C(CC5=CC=CC=C5)NC(=O)C(C(C)O)NC(=O)CNC(=O)C(CCC(=O)O)NC(=O)C(C)(C)NC(=O)C(CC6=CN=CN6)N,single_molecule,1,pair:semaglutide_ldl_c,Drug intervention: Semaglutide. Mechanism: GLP-1 receptor agonism and satiety signaling. Recommended surrogate: LDL-C. Biomarker category: metabolic. Pathway: lipid metabolism. Aging hallmark: deregulated nutrient sensing. Evidence score: 0.730. Surrogate confidence: 0.630. Literature support: 0.670. Reason: Relevant when positioning semaglutide-like compounds in cardiometabolic aging.,pair:metformin_hba1c,Drug intervention: Metformin. Mechanism: AMPK activation and glucose homeostasis. Recommended surrogate: HbA1c. Biomarker category: metabolic. Pathway: glucose metabolism. Aging hallmark: deregulated nutrient sensing. Evidence score: 0.900. Surrogate confidence: 0.880. Literature support: 0.860. Reason: Strong medium-term metabolic surrogate that tracks glycemic response in metformin-like interventions.,same_category,LDL-C
mol_pair_triplet_liraglutide_hba1c,train,Liraglutide,CCCCCCCCCCCCCCCC(=O)NC(CCC(=O)NCCCCC(C(=O)NC(CCC(=O)O)C(=O)NC(CC1=CC=CC=C1)C(=O)NC(C(C)CC)C(=O)NC(C)C(=O)NC(CC2=CNC3=CC=CC=C32)C(=O)NC(CC(C)C)C(=O)NC(C(C)C)C(=O)NC(CCCNC(=N)N)C(=O)NCC(=O)NC(CCCNC(=N)N)C(=O)NCC(=O)O)NC(=O)C(C)NC(=O)C(C)NC(=O)C(CCC(=O)N)NC(=O)CNC(=O)C(CCC(=O)O)NC(=O)C(CC(C)C)NC(=O)C(CC4=CC=C(C=C4)O)NC(=O)C(CO)NC(=O)C(CO)NC(=O)C(C(C)C)NC(=O)C(CC(=O)O)NC(=O)C(CO)NC(=O)C(C(C)O)NC(=O)C(CC5=CC=CC=C5)NC(=O)C(C(C)O)NC(=O)CNC(=O)C(CCC(=O)O)NC(=O)C(C)NC(=O)C(CC6=CN=CN6)N)C(=O)O,CCCCCCCCCCCCCCCC(=O)NC(CCC(=O)NCCCCC(C(=O)NC(CCC(=O)O)C(=O)NC(CC1=CC=CC=C1)C(=O)NC(C(C)CC)C(=O)NC(C)C(=O)NC(CC2=CNC3=CC=CC=C32)C(=O)NC(CC(C)C)C(=O)NC(C(C)C)C(=O)NC(CCCNC(=N)N)C(=O)NCC(=O)NC(CCCNC(=N)N)C(=O)NCC(=O)O)NC(=O)C(C)NC(=O)C(C)NC(=O)C(CCC(=O)N)NC(=O)CNC(=O)C(CCC(=O)O)NC(=O)C(CC(C)C)NC(=O)C(CC4=CC=C(C=C4)O)NC(=O)C(CO)NC(=O)C(CO)NC(=O)C(C(C)C)NC(=O)C(CC(=O)O)NC(=O)C(CO)NC(=O)C(C(C)O)NC(=O)C(CC5=CC=CC=C5)NC(=O)C(C(C)O)NC(=O)CNC(=O)C(CCC(=O)O)NC(=O)C(C)NC(=O)C(CC6=CN=CN6)N)C(=O)O,single_molecule,1,pair:liraglutide_hba1c,Drug intervention: Liraglutide. Mechanism: GLP-1 receptor agonism and metabolic regulation. Recommended surrogate: HbA1c. Biomarker category: metabolic. Pathway: glucose metabolism. Aging hallmark: deregulated nutrient sensing. Evidence score: 0.880. Surrogate confidence: 0.860. Literature support: 0.830. Reason: Reliable glycemic surrogate with strong translational familiarity.,pair:metformin_hba1c,Drug intervention: Metformin. Mechanism: AMPK activation and glucose homeostasis. Recommended surrogate: HbA1c. Biomarker category: metabolic. Pathway: glucose metabolism. Aging hallmark: deregulated nutrient sensing. Evidence score: 0.900. Surrogate confidence: 0.880. Literature support: 0.860. Reason: Strong medium-term metabolic surrogate that tracks glycemic response in metformin-like interventions.,same_category,HbA1c
mol_pair_triplet_liraglutide_fasting_glucose,train,Liraglutide,CCCCCCCCCCCCCCCC(=O)NC(CCC(=O)NCCCCC(C(=O)NC(CCC(=O)O)C(=O)NC(CC1=CC=CC=C1)C(=O)NC(C(C)CC)C(=O)NC(C)C(=O)NC(CC2=CNC3=CC=CC=C32)C(=O)NC(CC(C)C)C(=O)NC(C(C)C)C(=O)NC(CCCNC(=N)N)C(=O)NCC(=O)NC(CCCNC(=N)N)C(=O)NCC(=O)O)NC(=O)C(C)NC(=O)C(C)NC(=O)C(CCC(=O)N)NC(=O)CNC(=O)C(CCC(=O)O)NC(=O)C(CC(C)C)NC(=O)C(CC4=CC=C(C=C4)O)NC(=O)C(CO)NC(=O)C(CO)NC(=O)C(C(C)C)NC(=O)C(CC(=O)O)NC(=O)C(CO)NC(=O)C(C(C)O)NC(=O)C(CC5=CC=CC=C5)NC(=O)C(C(C)O)NC(=O)CNC(=O)C(CCC(=O)O)NC(=O)C(C)NC(=O)C(CC6=CN=CN6)N)C(=O)O,CCCCCCCCCCCCCCCC(=O)NC(CCC(=O)NCCCCC(C(=O)NC(CCC(=O)O)C(=O)NC(CC1=CC=CC=C1)C(=O)NC(C(C)CC)C(=O)NC(C)C(=O)NC(CC2=CNC3=CC=CC=C32)C(=O)NC(CC(C)C)C(=O)NC(C(C)C)C(=O)NC(CCCNC(=N)N)C(=O)NCC(=O)NC(CCCNC(=N)N)C(=O)NCC(=O)O)NC(=O)C(C)NC(=O)C(C)NC(=O)C(CCC(=O)N)NC(=O)CNC(=O)C(CCC(=O)O)NC(=O)C(CC(C)C)NC(=O)C(CC4=CC=C(C=C4)O)NC(=O)C(CO)NC(=O)C(CO)NC(=O)C(C(C)C)NC(=O)C(CC(=O)O)NC(=O)C(CO)NC(=O)C(C(C)O)NC(=O)C(CC5=CC=CC=C5)NC(=O)C(C(C)O)NC(=O)CNC(=O)C(CCC(=O)O)NC(=O)C(C)NC(=O)C(CC6=CN=CN6)N)C(=O)O,single_molecule,1,pair:liraglutide_fasting_glucose,Drug intervention: Liraglutide. Mechanism: GLP-1 receptor agonism and metabolic regulation. Recommended surrogate: fasting glucose. Biomarker category: metabolic. Pathway: glucose metabolism. Aging hallmark: deregulated nutrient sensing. Evidence score: 0.850. Surrogate confidence: 0.820. Literature support: 0.790. Reason: Direct metabolic readout for GLP-1 driven intervention response.,pair:metformin_hba1c,Drug intervention: Metformin. Mechanism: AMPK activation and glucose homeostasis. Recommended surrogate: HbA1c. Biomarker category: metabolic. Pathway: glucose metabolism. Aging hallmark: deregulated nutrient sensing. Evidence score: 0.900. Surrogate confidence: 0.880. Literature support: 0.860. Reason: Strong medium-term metabolic surrogate that tracks glycemic response in metformin-like interventions.,same_category,fasting glucose
mol_pair_triplet_liraglutide_body_fat_percentage,train,Liraglutide,CCCCCCCCCCCCCCCC(=O)NC(CCC(=O)NCCCCC(C(=O)NC(CCC(=O)O)C(=O)NC(CC1=CC=CC=C1)C(=O)NC(C(C)CC)C(=O)NC(C)C(=O)NC(CC2=CNC3=CC=CC=C32)C(=O)NC(CC(C)C)C(=O)NC(C(C)C)C(=O)NC(CCCNC(=N)N)C(=O)NCC(=O)NC(CCCNC(=N)N)C(=O)NCC(=O)O)NC(=O)C(C)NC(=O)C(C)NC(=O)C(CCC(=O)N)NC(=O)CNC(=O)C(CCC(=O)O)NC(=O)C(CC(C)C)NC(=O)C(CC4=CC=C(C=C4)O)NC(=O)C(CO)NC(=O)C(CO)NC(=O)C(C(C)C)NC(=O)C(CC(=O)O)NC(=O)C(CO)NC(=O)C(C(C)O)NC(=O)C(CC5=CC=CC=C5)NC(=O)C(C(C)O)NC(=O)CNC(=O)C(CCC(=O)O)NC(=O)C(C)NC(=O)C(CC6=CN=CN6)N)C(=O)O,CCCCCCCCCCCCCCCC(=O)NC(CCC(=O)NCCCCC(C(=O)NC(CCC(=O)O)C(=O)NC(CC1=CC=CC=C1)C(=O)NC(C(C)CC)C(=O)NC(C)C(=O)NC(CC2=CNC3=CC=CC=C32)C(=O)NC(CC(C)C)C(=O)NC(C(C)C)C(=O)NC(CCCNC(=N)N)C(=O)NCC(=O)NC(CCCNC(=N)N)C(=O)NCC(=O)O)NC(=O)C(C)NC(=O)C(C)NC(=O)C(CCC(=O)N)NC(=O)CNC(=O)C(CCC(=O)O)NC(=O)C(CC(C)C)NC(=O)C(CC4=CC=C(C=C4)O)NC(=O)C(CO)NC(=O)C(CO)NC(=O)C(C(C)C)NC(=O)C(CC(=O)O)NC(=O)C(CO)NC(=O)C(C(C)O)NC(=O)C(CC5=CC=CC=C5)NC(=O)C(C(C)O)NC(=O)CNC(=O)C(CCC(=O)O)NC(=O)C(C)NC(=O)C(CC6=CN=CN6)N)C(=O)O,single_molecule,1,pair:liraglutide_body_fat_percentage,Drug intervention: Liraglutide. Mechanism: GLP-1 receptor agonism and metabolic regulation. Recommended surrogate: body fat percentage. Biomarker category: body composition. Pathway: energy balance. Aging hallmark: deregulated nutrient sensing. Evidence score: 0.820. Surrogate confidence: 0.750. Literature support: 0.760. Reason: Good demo-friendly surrogate for adiposity reduction over months.,pair:semaglutide_body_fat_percentage,Drug intervention: Semaglutide. Mechanism: GLP-1 receptor agonism and satiety signaling. Recommended surrogate: body fat percentage. Biomarker category: body composition. Pathway: energy balance. Aging hallmark: deregulated nutrient sensing. Evidence score: 0.840. Surrogate confidence: 0.780. Literature support: 0.800. Reason: Strong body-composition surrogate consistent with satiety-driven weight reduction.,same_category,body fat percentage
mol_pair_triplet_liraglutide_fasting_insulin,train,Liraglutide,CCCCCCCCCCCCCCCC(=O)NC(CCC(=O)NCCCCC(C(=O)NC(CCC(=O)O)C(=O)NC(CC1=CC=CC=C1)C(=O)NC(C(C)CC)C(=O)NC(C)C(=O)NC(CC2=CNC3=CC=CC=C32)C(=O)NC(CC(C)C)C(=O)NC(C(C)C)C(=O)NC(CCCNC(=N)N)C(=O)NCC(=O)NC(CCCNC(=N)N)C(=O)NCC(=O)O)NC(=O)C(C)NC(=O)C(C)NC(=O)C(CCC(=O)N)NC(=O)CNC(=O)C(CCC(=O)O)NC(=O)C(CC(C)C)NC(=O)C(CC4=CC=C(C=C4)O)NC(=O)C(CO)NC(=O)C(CO)NC(=O)C(C(C)C)NC(=O)C(CC(=O)O)NC(=O)C(CO)NC(=O)C(C(C)O)NC(=O)C(CC5=CC=CC=C5)NC(=O)C(C(C)O)NC(=O)CNC(=O)C(CCC(=O)O)NC(=O)C(C)NC(=O)C(CC6=CN=CN6)N)C(=O)O,CCCCCCCCCCCCCCCC(=O)NC(CCC(=O)NCCCCC(C(=O)NC(CCC(=O)O)C(=O)NC(CC1=CC=CC=C1)C(=O)NC(C(C)CC)C(=O)NC(C)C(=O)NC(CC2=CNC3=CC=CC=C32)C(=O)NC(CC(C)C)C(=O)NC(C(C)C)C(=O)NC(CCCNC(=N)N)C(=O)NCC(=O)NC(CCCNC(=N)N)C(=O)NCC(=O)O)NC(=O)C(C)NC(=O)C(C)NC(=O)C(CCC(=O)N)NC(=O)CNC(=O)C(CCC(=O)O)NC(=O)C(CC(C)C)NC(=O)C(CC4=CC=C(C=C4)O)NC(=O)C(CO)NC(=O)C(CO)NC(=O)C(C(C)C)NC(=O)C(CC(=O)O)NC(=O)C(CO)NC(=O)C(C(C)O)NC(=O)C(CC5=CC=CC=C5)NC(=O)C(C(C)O)NC(=O)CNC(=O)C(CCC(=O)O)NC(=O)C(C)NC(=O)C(CC6=CN=CN6)N)C(=O)O,single_molecule,1,pair:liraglutide_fasting_insulin,Drug intervention: Liraglutide. Mechanism: GLP-1 receptor agonism and metabolic regulation. Recommended surrogate: fasting insulin. Biomarker category: metabolic. Pathway: insulin signaling. Aging hallmark: deregulated nutrient sensing. Evidence score: 0.800. Surrogate confidence: 0.770. Literature support: 0.720. Reason: Useful if the pitch emphasizes insulin sensitivity improvement.,pair:metformin_hba1c,Drug intervention: Metformin. Mechanism: AMPK activation and glucose homeostasis. Recommended surrogate: HbA1c. Biomarker category: metabolic. Pathway: glucose metabolism. Aging hallmark: deregulated nutrient sensing. Evidence score: 0.900. Surrogate confidence: 0.880. Literature support: 0.860. Reason: Strong medium-term metabolic surrogate that tracks glycemic response in metformin-like interventions.,same_category,fasting insulin
mol_pair_triplet_liraglutide_triglycerides,train,Liraglutide,CCCCCCCCCCCCCCCC(=O)NC(CCC(=O)NCCCCC(C(=O)NC(CCC(=O)O)C(=O)NC(CC1=CC=CC=C1)C(=O)NC(C(C)CC)C(=O)NC(C)C(=O)NC(CC2=CNC3=CC=CC=C32)C(=O)NC(CC(C)C)C(=O)NC(C(C)C)C(=O)NC(CCCNC(=N)N)C(=O)NCC(=O)NC(CCCNC(=N)N)C(=O)NCC(=O)O)NC(=O)C(C)NC(=O)C(C)NC(=O)C(CCC(=O)N)NC(=O)CNC(=O)C(CCC(=O)O)NC(=O)C(CC(C)C)NC(=O)C(CC4=CC=C(C=C4)O)NC(=O)C(CO)NC(=O)C(CO)NC(=O)C(C(C)C)NC(=O)C(CC(=O)O)NC(=O)C(CO)NC(=O)C(C(C)O)NC(=O)C(CC5=CC=CC=C5)NC(=O)C(C(C)O)NC(=O)CNC(=O)C(CCC(=O)O)NC(=O)C(C)NC(=O)C(CC6=CN=CN6)N)C(=O)O,CCCCCCCCCCCCCCCC(=O)NC(CCC(=O)NCCCCC(C(=O)NC(CCC(=O)O)C(=O)NC(CC1=CC=CC=C1)C(=O)NC(C(C)CC)C(=O)NC(C)C(=O)NC(CC2=CNC3=CC=CC=C32)C(=O)NC(CC(C)C)C(=O)NC(C(C)C)C(=O)NC(CCCNC(=N)N)C(=O)NCC(=O)NC(CCCNC(=N)N)C(=O)NCC(=O)O)NC(=O)C(C)NC(=O)C(C)NC(=O)C(CCC(=O)N)NC(=O)CNC(=O)C(CCC(=O)O)NC(=O)C(CC(C)C)NC(=O)C(CC4=CC=C(C=C4)O)NC(=O)C(CO)NC(=O)C(CO)NC(=O)C(C(C)C)NC(=O)C(CC(=O)O)NC(=O)C(CO)NC(=O)C(C(C)O)NC(=O)C(CC5=CC=CC=C5)NC(=O)C(C(C)O)NC(=O)CNC(=O)C(CCC(=O)O)NC(=O)C(C)NC(=O)C(CC6=CN=CN6)N)C(=O)O,single_molecule,1,pair:liraglutide_triglycerides,Drug intervention: Liraglutide. Mechanism: GLP-1 receptor agonism and metabolic regulation. Recommended surrogate: triglycerides. Biomarker category: metabolic. Pathway: lipid metabolism. Aging hallmark: deregulated nutrient sensing. Evidence score: 0.760. Surrogate confidence: 0.670. Literature support: 0.680. Reason: Practical lipid surrogate to show broader cardiometabolic effect.,pair:metformin_hba1c,Drug intervention: Metformin. Mechanism: AMPK activation and glucose homeostasis. Recommended surrogate: HbA1c. Biomarker category: metabolic. Pathway: glucose metabolism. Aging hallmark: deregulated nutrient sensing. Evidence score: 0.900. Surrogate confidence: 0.880. Literature support: 0.860. Reason: Strong medium-term metabolic surrogate that tracks glycemic response in metformin-like interventions.,same_category,triglycerides
mol_pair_triplet_liraglutide_crp,train,Liraglutide,CCCCCCCCCCCCCCCC(=O)NC(CCC(=O)NCCCCC(C(=O)NC(CCC(=O)O)C(=O)NC(CC1=CC=CC=C1)C(=O)NC(C(C)CC)C(=O)NC(C)C(=O)NC(CC2=CNC3=CC=CC=C32)C(=O)NC(CC(C)C)C(=O)NC(C(C)C)C(=O)NC(CCCNC(=N)N)C(=O)NCC(=O)NC(CCCNC(=N)N)C(=O)NCC(=O)O)NC(=O)C(C)NC(=O)C(C)NC(=O)C(CCC(=O)N)NC(=O)CNC(=O)C(CCC(=O)O)NC(=O)C(CC(C)C)NC(=O)C(CC4=CC=C(C=C4)O)NC(=O)C(CO)NC(=O)C(CO)NC(=O)C(C(C)C)NC(=O)C(CC(=O)O)NC(=O)C(CO)NC(=O)C(C(C)O)NC(=O)C(CC5=CC=CC=C5)NC(=O)C(C(C)O)NC(=O)CNC(=O)C(CCC(=O)O)NC(=O)C(C)NC(=O)C(CC6=CN=CN6)N)C(=O)O,CCCCCCCCCCCCCCCC(=O)NC(CCC(=O)NCCCCC(C(=O)NC(CCC(=O)O)C(=O)NC(CC1=CC=CC=C1)C(=O)NC(C(C)CC)C(=O)NC(C)C(=O)NC(CC2=CNC3=CC=CC=C32)C(=O)NC(CC(C)C)C(=O)NC(C(C)C)C(=O)NC(CCCNC(=N)N)C(=O)NCC(=O)NC(CCCNC(=N)N)C(=O)NCC(=O)O)NC(=O)C(C)NC(=O)C(C)NC(=O)C(CCC(=O)N)NC(=O)CNC(=O)C(CCC(=O)O)NC(=O)C(CC(C)C)NC(=O)C(CC4=CC=C(C=C4)O)NC(=O)C(CO)NC(=O)C(CO)NC(=O)C(C(C)C)NC(=O)C(CC(=O)O)NC(=O)C(CO)NC(=O)C(C(C)O)NC(=O)C(CC5=CC=CC=C5)NC(=O)C(C(C)O)NC(=O)CNC(=O)C(CCC(=O)O)NC(=O)C(C)NC(=O)C(CC6=CN=CN6)N)C(=O)O,single_molecule,1,pair:liraglutide_crp,Drug intervention: Liraglutide. Mechanism: GLP-1 receptor agonism and metabolic regulation. Recommended surrogate: CRP. Biomarker category: inflammation. Pathway: inflammation signaling. Aging hallmark: inflammaging. Evidence score: 0.720. Surrogate confidence: 0.620. Literature support: 0.630. Reason: Links metabolic response to reduced chronic low-grade inflammation.,pair:rapamycin_il6,Drug intervention: Rapamycin. Mechanism: mTOR inhibition and autophagy. Recommended surrogate: IL6. Biomarker category: inflammation. Pathway: cytokine signaling. Aging hallmark: inflammaging. Evidence score: 0.820. Surrogate confidence: 0.710. Literature support: 0.740. Reason: Inflammatory cytokine suited to tracking immunometabolic effects of mTOR inhibition.,same_category,CRP
mol_pair_triplet_empagliflozin_hba1c,train,Empagliflozin,C1COCC1OC2=CC=C(C=C2)CC3=C(C=CC(=C3)C4C(C(C(C(O4)CO)O)O)O)Cl,C1COCC1OC2=CC=C(C=C2)CC3=C(C=CC(=C3)C4C(C(C(C(O4)CO)O)O)O)Cl,single_molecule,1,pair:empagliflozin_hba1c,Drug intervention: Empagliflozin. Mechanism: SGLT2 inhibition and glucosuria-driven metabolic unloading. Recommended surrogate: HbA1c. Biomarker category: metabolic. Pathway: glucose metabolism. Aging hallmark: deregulated nutrient sensing. Evidence score: 0.860. Surrogate confidence: 0.840. Literature support: 0.800. Reason: Established glycemic surrogate for SGLT2-mediated glucose unloading.,pair:metformin_hba1c,Drug intervention: Metformin. Mechanism: AMPK activation and glucose homeostasis. Recommended surrogate: HbA1c. Biomarker category: metabolic. Pathway: glucose metabolism. Aging hallmark: deregulated nutrient sensing. Evidence score: 0.900. Surrogate confidence: 0.880. Literature support: 0.860. Reason: Strong medium-term metabolic surrogate that tracks glycemic response in metformin-like interventions.,same_category,HbA1c
mol_pair_triplet_empagliflozin_fasting_glucose,train,Empagliflozin,C1COCC1OC2=CC=C(C=C2)CC3=C(C=CC(=C3)C4C(C(C(C(O4)CO)O)O)O)Cl,C1COCC1OC2=CC=C(C=C2)CC3=C(C=CC(=C3)C4C(C(C(C(O4)CO)O)O)O)Cl,single_molecule,1,pair:empagliflozin_fasting_glucose,Drug intervention: Empagliflozin. Mechanism: SGLT2 inhibition and glucosuria-driven metabolic unloading. Recommended surrogate: fasting glucose. Biomarker category: metabolic. Pathway: glucose metabolism. Aging hallmark: deregulated nutrient sensing. Evidence score: 0.820. Surrogate confidence: 0.790. Literature support: 0.760. Reason: Direct readout of improved glucose handling.,pair:metformin_hba1c,Drug intervention: Metformin. Mechanism: AMPK activation and glucose homeostasis. Recommended surrogate: HbA1c. Biomarker category: metabolic. Pathway: glucose metabolism. Aging hallmark: deregulated nutrient sensing. Evidence score: 0.900. Surrogate confidence: 0.880. Literature support: 0.860. Reason: Strong medium-term metabolic surrogate that tracks glycemic response in metformin-like interventions.,same_category,fasting glucose
mol_pair_triplet_empagliflozin_nt_probnp,train,Empagliflozin,C1COCC1OC2=CC=C(C=C2)CC3=C(C=CC(=C3)C4C(C(C(C(O4)CO)O)O)O)Cl,C1COCC1OC2=CC=C(C=C2)CC3=C(C=CC(=C3)C4C(C(C(C(O4)CO)O)O)O)Cl,single_molecule,1,pair:empagliflozin_nt_probnp,Drug intervention: Empagliflozin. Mechanism: SGLT2 inhibition and glucosuria-driven metabolic unloading. Recommended surrogate: NT-proBNP. Biomarker category: cardiovascular. Pathway: cardiac stress. Aging hallmark: altered intercellular communication. Evidence score: 0.800. Surrogate confidence: 0.730. Literature support: 0.710. Reason: Useful cardio-renal stress surrogate for interventions positioned around resilience and risk reduction.,pair:dasatinib_quercetin_sasp_panel,Drug intervention: Dasatinib + Quercetin. Mechanism: senolytic combination targeting senescent cell survival pathways. Recommended surrogate: SASP panel. Biomarker category: senescence. Pathway: secretory phenotype. Aging hallmark: cellular senescence. Evidence score: 0.900. Surrogate confidence: 0.840. Literature support: 0.790. Reason: Best match when the intervention claim is senolysis and reduced secretory phenotype.,fallback,NT-proBNP
mol_pair_triplet_empagliflozin_fasting_insulin,train,Empagliflozin,C1COCC1OC2=CC=C(C=C2)CC3=C(C=CC(=C3)C4C(C(C(C(O4)CO)O)O)O)Cl,C1COCC1OC2=CC=C(C=C2)CC3=C(C=CC(=C3)C4C(C(C(C(O4)CO)O)O)O)Cl,single_molecule,1,pair:empagliflozin_fasting_insulin,Drug intervention: Empagliflozin. Mechanism: SGLT2 inhibition and glucosuria-driven metabolic unloading. Recommended surrogate: fasting insulin. Biomarker category: metabolic. Pathway: insulin signaling. Aging hallmark: deregulated nutrient sensing. Evidence score: 0.760. Surrogate confidence: 0.720. Literature support: 0.680. Reason: Helpful if the study narrative includes improved insulin economy.,pair:metformin_hba1c,Drug intervention: Metformin. Mechanism: AMPK activation and glucose homeostasis. Recommended surrogate: HbA1c. Biomarker category: metabolic. Pathway: glucose metabolism. Aging hallmark: deregulated nutrient sensing. Evidence score: 0.900. Surrogate confidence: 0.880. Literature support: 0.860. Reason: Strong medium-term metabolic surrogate that tracks glycemic response in metformin-like interventions.,same_category,fasting insulin
mol_pair_triplet_empagliflozin_body_fat_percentage,train,Empagliflozin,C1COCC1OC2=CC=C(C=C2)CC3=C(C=CC(=C3)C4C(C(C(C(O4)CO)O)O)O)Cl,C1COCC1OC2=CC=C(C=C2)CC3=C(C=CC(=C3)C4C(C(C(C(O4)CO)O)O)O)Cl,single_molecule,1,pair:empagliflozin_body_fat_percentage,Drug intervention: Empagliflozin. Mechanism: SGLT2 inhibition and glucosuria-driven metabolic unloading. Recommended surrogate: body fat percentage. Biomarker category: body composition. Pathway: energy balance. Aging hallmark: deregulated nutrient sensing. Evidence score: 0.740. Surrogate confidence: 0.660. Literature support: 0.630. Reason: Captures part of the body-composition response in metabolic trials.,pair:semaglutide_body_fat_percentage,Drug intervention: Semaglutide. Mechanism: GLP-1 receptor agonism and satiety signaling. Recommended surrogate: body fat percentage. Biomarker category: body composition. Pathway: energy balance. Aging hallmark: deregulated nutrient sensing. Evidence score: 0.840. Surrogate confidence: 0.780. Literature support: 0.800. Reason: Strong body-composition surrogate consistent with satiety-driven weight reduction.,same_category,body fat percentage
mol_pair_triplet_empagliflozin_crp,train,Empagliflozin,C1COCC1OC2=CC=C(C=C2)CC3=C(C=CC(=C3)C4C(C(C(C(O4)CO)O)O)O)Cl,C1COCC1OC2=CC=C(C=C2)CC3=C(C=CC(=C3)C4C(C(C(C(O4)CO)O)O)O)Cl,single_molecule,1,pair:empagliflozin_crp,Drug intervention: Empagliflozin. Mechanism: SGLT2 inhibition and glucosuria-driven metabolic unloading. Recommended surrogate: CRP. Biomarker category: inflammation. Pathway: inflammation signaling. Aging hallmark: inflammaging. Evidence score: 0.700. Surrogate confidence: 0.600. Literature support: 0.610. Reason: Secondary systemic inflammation surrogate for broader metabolic improvement.,pair:rapamycin_il6,Drug intervention: Rapamycin. Mechanism: mTOR inhibition and autophagy. Recommended surrogate: IL6. Biomarker category: inflammation. Pathway: cytokine signaling. Aging hallmark: inflammaging. Evidence score: 0.820. Surrogate confidence: 0.710. Literature support: 0.740. Reason: Inflammatory cytokine suited to tracking immunometabolic effects of mTOR inhibition.,same_category,CRP
mol_pair_triplet_dasatinib_quercetin_sasp_panel,test,Dasatinib + Quercetin,CC1=C(C(=CC=C1)Cl)NC(=O)C2=CN=C(S2)NC3=CC(=NC(=N3)C)N4CCN(CC4)CCO.C1=CC(=C(C=C1C2=C(C(=O)C3=C(C=C(C=C3O2)O)O)O)O)O,CC1=C(C(=CC=C1)Cl)NC(=O)C2=CN=C(S2)NC3=CC(=NC(=N3)C)N4CCN(CC4)CCO.C1=CC(=C(C=C1C2=C(C(=O)C3=C(C=C(C=C3O2)O)O)O)O)O,combination,2,pair:dasatinib_quercetin_sasp_panel,Drug intervention: Dasatinib + Quercetin. Mechanism: senolytic combination targeting senescent cell survival pathways. Recommended surrogate: SASP panel. Biomarker category: senescence. Pathway: secretory phenotype. Aging hallmark: cellular senescence. Evidence score: 0.900. Surrogate confidence: 0.840. Literature support: 0.790. Reason: Best match when the intervention claim is senolysis and reduced secretory phenotype.,pair:fisetin_sasp_panel,Drug intervention: Fisetin. Mechanism: senolytic flavonoid with anti-inflammatory and stress-response effects. Recommended surrogate: SASP panel. Biomarker category: senescence. Pathway: secretory phenotype. Aging hallmark: cellular senescence. Evidence score: 0.840. Surrogate confidence: 0.780. Literature support: 0.700. Reason: Captures the senescence-linked secretory phenotype targeted by fisetin-like compounds.,same_category,SASP panel
mol_pair_triplet_dasatinib_quercetin_p16ink4a_expression,test,Dasatinib + Quercetin,CC1=C(C(=CC=C1)Cl)NC(=O)C2=CN=C(S2)NC3=CC(=NC(=N3)C)N4CCN(CC4)CCO.C1=CC(=C(C=C1C2=C(C(=O)C3=C(C=C(C=C3O2)O)O)O)O)O,CC1=C(C(=CC=C1)Cl)NC(=O)C2=CN=C(S2)NC3=CC(=NC(=N3)C)N4CCN(CC4)CCO.C1=CC(=C(C=C1C2=C(C(=O)C3=C(C=C(C=C3O2)O)O)O)O)O,combination,2,pair:dasatinib_quercetin_p16ink4a_expression,Drug intervention: Dasatinib + Quercetin. Mechanism: senolytic combination targeting senescent cell survival pathways. Recommended surrogate: p16INK4a expression. Biomarker category: senescence. Pathway: cell cycle arrest. Aging hallmark: cellular senescence. Evidence score: 0.880. Surrogate confidence: 0.850. Literature support: 0.760. Reason: Mechanistically close surrogate for senescent cell burden reduction.,pair:fisetin_sasp_panel,Drug intervention: Fisetin. Mechanism: senolytic flavonoid with anti-inflammatory and stress-response effects. Recommended surrogate: SASP panel. Biomarker category: senescence. Pathway: secretory phenotype. Aging hallmark: cellular senescence. Evidence score: 0.840. Surrogate confidence: 0.780. Literature support: 0.700. Reason: Captures the senescence-linked secretory phenotype targeted by fisetin-like compounds.,same_category,p16INK4a expression
mol_pair_triplet_dasatinib_quercetin_il6,test,Dasatinib + Quercetin,CC1=C(C(=CC=C1)Cl)NC(=O)C2=CN=C(S2)NC3=CC(=NC(=N3)C)N4CCN(CC4)CCO.C1=CC(=C(C=C1C2=C(C(=O)C3=C(C=C(C=C3O2)O)O)O)O)O,CC1=C(C(=CC=C1)Cl)NC(=O)C2=CN=C(S2)NC3=CC(=NC(=N3)C)N4CCN(CC4)CCO.C1=CC(=C(C=C1C2=C(C(=O)C3=C(C=C(C=C3O2)O)O)O)O)O,combination,2,pair:dasatinib_quercetin_il6,Drug intervention: Dasatinib + Quercetin. Mechanism: senolytic combination targeting senescent cell survival pathways. Recommended surrogate: IL6. Biomarker category: inflammation. Pathway: cytokine signaling. Aging hallmark: inflammaging. Evidence score: 0.800. Surrogate confidence: 0.700. Literature support: 0.720. Reason: Inflammatory cytokine linked to SASP and inflammaging.,pair:rapamycin_il6,Drug intervention: Rapamycin. Mechanism: mTOR inhibition and autophagy. Recommended surrogate: IL6. Biomarker category: inflammation. Pathway: cytokine signaling. Aging hallmark: inflammaging. Evidence score: 0.820. Surrogate confidence: 0.710. Literature support: 0.740. Reason: Inflammatory cytokine suited to tracking immunometabolic effects of mTOR inhibition.,same_category,IL6
mol_pair_triplet_dasatinib_quercetin_tnf_alpha,test,Dasatinib + Quercetin,CC1=C(C(=CC=C1)Cl)NC(=O)C2=CN=C(S2)NC3=CC(=NC(=N3)C)N4CCN(CC4)CCO.C1=CC(=C(C=C1C2=C(C(=O)C3=C(C=C(C=C3O2)O)O)O)O)O,CC1=C(C(=CC=C1)Cl)NC(=O)C2=CN=C(S2)NC3=CC(=NC(=N3)C)N4CCN(CC4)CCO.C1=CC(=C(C=C1C2=C(C(=O)C3=C(C=C(C=C3O2)O)O)O)O)O,combination,2,pair:dasatinib_quercetin_tnf_alpha,Drug intervention: Dasatinib + Quercetin. Mechanism: senolytic combination targeting senescent cell survival pathways. Recommended surrogate: TNF-alpha. Biomarker category: inflammation. Pathway: cytokine signaling. Aging hallmark: inflammaging. Evidence score: 0.760. Surrogate confidence: 0.660. Literature support: 0.680. Reason: Supports the anti-inflammatory senescence-clearance story.,pair:rapamycin_il6,Drug intervention: Rapamycin. Mechanism: mTOR inhibition and autophagy. Recommended surrogate: IL6. Biomarker category: inflammation. Pathway: cytokine signaling. Aging hallmark: inflammaging. Evidence score: 0.820. Surrogate confidence: 0.710. Literature support: 0.740. Reason: Inflammatory cytokine suited to tracking immunometabolic effects of mTOR inhibition.,same_category,TNF-alpha
mol_pair_triplet_dasatinib_quercetin_gdf15,test,Dasatinib + Quercetin,CC1=C(C(=CC=C1)Cl)NC(=O)C2=CN=C(S2)NC3=CC(=NC(=N3)C)N4CCN(CC4)CCO.C1=CC(=C(C=C1C2=C(C(=O)C3=C(C=C(C=C3O2)O)O)O)O)O,CC1=C(C(=CC=C1)Cl)NC(=O)C2=CN=C(S2)NC3=CC(=NC(=N3)C)N4CCN(CC4)CCO.C1=CC(=C(C=C1C2=C(C(=O)C3=C(C=C(C=C3O2)O)O)O)O)O,combination,2,pair:dasatinib_quercetin_gdf15,Drug intervention: Dasatinib + Quercetin. Mechanism: senolytic combination targeting senescent cell survival pathways. Recommended surrogate: GDF15. Biomarker category: stress response. Pathway: integrated stress response. Aging hallmark: cellular senescence. Evidence score: 0.730. Surrogate confidence: 0.640. Literature support: 0.610. Reason: Stress and tissue-dysfunction marker useful for translational follow-up.,pair:metformin_gdf15,Drug intervention: Metformin. Mechanism: AMPK activation and glucose homeostasis. Recommended surrogate: GDF15. Biomarker category: stress response. Pathway: integrated stress response. Aging hallmark: cellular senescence. Evidence score: 0.800. Surrogate confidence: 0.740. Literature support: 0.720. Reason: Mechanistically relevant stress-response biomarker frequently discussed for metformin exposure and response.,same_category,GDF15
mol_pair_triplet_dasatinib_quercetin_crp,test,Dasatinib + Quercetin,CC1=C(C(=CC=C1)Cl)NC(=O)C2=CN=C(S2)NC3=CC(=NC(=N3)C)N4CCN(CC4)CCO.C1=CC(=C(C=C1C2=C(C(=O)C3=C(C=C(C=C3O2)O)O)O)O)O,CC1=C(C(=CC=C1)Cl)NC(=O)C2=CN=C(S2)NC3=CC(=NC(=N3)C)N4CCN(CC4)CCO.C1=CC(=C(C=C1C2=C(C(=O)C3=C(C=C(C=C3O2)O)O)O)O)O,combination,2,pair:dasatinib_quercetin_crp,Drug intervention: Dasatinib + Quercetin. Mechanism: senolytic combination targeting senescent cell survival pathways. Recommended surrogate: CRP. Biomarker category: inflammation. Pathway: inflammation signaling. Aging hallmark: inflammaging. Evidence score: 0.690. Surrogate confidence: 0.580. Literature support: 0.570. Reason: Easy-to-explain systemic inflammation surrogate for demos.,pair:rapamycin_il6,Drug intervention: Rapamycin. Mechanism: mTOR inhibition and autophagy. Recommended surrogate: IL6. Biomarker category: inflammation. Pathway: cytokine signaling. Aging hallmark: inflammaging. Evidence score: 0.820. Surrogate confidence: 0.710. Literature support: 0.740. Reason: Inflammatory cytokine suited to tracking immunometabolic effects of mTOR inhibition.,same_category,CRP
mol_pair_triplet_fisetin_sasp_panel,train,Fisetin,C1=CC(=C(C=C1C2=C(C(=O)C3=C(O2)C=C(C=C3)O)O)O)O,C1=CC(=C(C=C1C2=C(C(=O)C3=C(O2)C=C(C=C3)O)O)O)O,single_molecule,1,pair:fisetin_sasp_panel,Drug intervention: Fisetin. Mechanism: senolytic flavonoid with anti-inflammatory and stress-response effects. Recommended surrogate: SASP panel. Biomarker category: senescence. Pathway: secretory phenotype. Aging hallmark: cellular senescence. Evidence score: 0.840. Surrogate confidence: 0.780. Literature support: 0.700. Reason: Captures the senescence-linked secretory phenotype targeted by fisetin-like compounds.,pair:dasatinib_quercetin_sasp_panel,Drug intervention: Dasatinib + Quercetin. Mechanism: senolytic combination targeting senescent cell survival pathways. Recommended surrogate: SASP panel. Biomarker category: senescence. Pathway: secretory phenotype. Aging hallmark: cellular senescence. Evidence score: 0.900. Surrogate confidence: 0.840. Literature support: 0.790. Reason: Best match when the intervention claim is senolysis and reduced secretory phenotype.,same_category,SASP panel
mol_pair_triplet_fisetin_p16ink4a_expression,train,Fisetin,C1=CC(=C(C=C1C2=C(C(=O)C3=C(O2)C=C(C=C3)O)O)O)O,C1=CC(=C(C=C1C2=C(C(=O)C3=C(O2)C=C(C=C3)O)O)O)O,single_molecule,1,pair:fisetin_p16ink4a_expression,Drug intervention: Fisetin. Mechanism: senolytic flavonoid with anti-inflammatory and stress-response effects. Recommended surrogate: p16INK4a expression. Biomarker category: senescence. Pathway: cell cycle arrest. Aging hallmark: cellular senescence. Evidence score: 0.810. Surrogate confidence: 0.770. Literature support: 0.660. Reason: Useful senescence-burden surrogate for a flavonoid senolytic story.,pair:dasatinib_quercetin_sasp_panel,Drug intervention: Dasatinib + Quercetin. Mechanism: senolytic combination targeting senescent cell survival pathways. Recommended surrogate: SASP panel. Biomarker category: senescence. Pathway: secretory phenotype. Aging hallmark: cellular senescence. Evidence score: 0.900. Surrogate confidence: 0.840. Literature support: 0.790. Reason: Best match when the intervention claim is senolysis and reduced secretory phenotype.,same_category,p16INK4a expression
mol_pair_triplet_fisetin_il6,train,Fisetin,C1=CC(=C(C=C1C2=C(C(=O)C3=C(O2)C=C(C=C3)O)O)O)O,C1=CC(=C(C=C1C2=C(C(=O)C3=C(O2)C=C(C=C3)O)O)O)O,single_molecule,1,pair:fisetin_il6,Drug intervention: Fisetin. Mechanism: senolytic flavonoid with anti-inflammatory and stress-response effects. Recommended surrogate: IL6. Biomarker category: inflammation. Pathway: cytokine signaling. Aging hallmark: inflammaging. Evidence score: 0.760. Surrogate confidence: 0.680. Literature support: 0.660. Reason: Inflammaging-linked cytokine with strong demo interpretability.,pair:rapamycin_il6,Drug intervention: Rapamycin. Mechanism: mTOR inhibition and autophagy. Recommended surrogate: IL6. Biomarker category: inflammation. Pathway: cytokine signaling. Aging hallmark: inflammaging. Evidence score: 0.820. Surrogate confidence: 0.710. Literature support: 0.740. Reason: Inflammatory cytokine suited to tracking immunometabolic effects of mTOR inhibition.,same_category,IL6
mol_pair_triplet_fisetin_tnf_alpha,train,Fisetin,C1=CC(=C(C=C1C2=C(C(=O)C3=C(O2)C=C(C=C3)O)O)O)O,C1=CC(=C(C=C1C2=C(C(=O)C3=C(O2)C=C(C=C3)O)O)O)O,single_molecule,1,pair:fisetin_tnf_alpha,Drug intervention: Fisetin. Mechanism: senolytic flavonoid with anti-inflammatory and stress-response effects. Recommended surrogate: TNF-alpha. Biomarker category: inflammation. Pathway: cytokine signaling. Aging hallmark: inflammaging. Evidence score: 0.740. Surrogate confidence: 0.650. Literature support: 0.640. Reason: Supports inflammation-resolution claims around fisetin.,pair:rapamycin_il6,Drug intervention: Rapamycin. Mechanism: mTOR inhibition and autophagy. Recommended surrogate: IL6. Biomarker category: inflammation. Pathway: cytokine signaling. Aging hallmark: inflammaging. Evidence score: 0.820. Surrogate confidence: 0.710. Literature support: 0.740. Reason: Inflammatory cytokine suited to tracking immunometabolic effects of mTOR inhibition.,same_category,TNF-alpha
mol_pair_triplet_fisetin_gdf15,train,Fisetin,C1=CC(=C(C=C1C2=C(C(=O)C3=C(O2)C=C(C=C3)O)O)O)O,C1=CC(=C(C=C1C2=C(C(=O)C3=C(O2)C=C(C=C3)O)O)O)O,single_molecule,1,pair:fisetin_gdf15,Drug intervention: Fisetin. Mechanism: senolytic flavonoid with anti-inflammatory and stress-response effects. Recommended surrogate: GDF15. Biomarker category: stress response. Pathway: integrated stress response. Aging hallmark: cellular senescence. Evidence score: 0.690. Surrogate confidence: 0.600. Literature support: 0.580. Reason: Stress-response surrogate for systemic adaptation and tissue burden.,pair:metformin_gdf15,Drug intervention: Metformin. Mechanism: AMPK activation and glucose homeostasis. Recommended surrogate: GDF15. Biomarker category: stress response. Pathway: integrated stress response. Aging hallmark: cellular senescence. Evidence score: 0.800. Surrogate confidence: 0.740. Literature support: 0.720. Reason: Mechanistically relevant stress-response biomarker frequently discussed for metformin exposure and response.,same_category,GDF15
mol_pair_triplet_nicotinamide_riboside_nad_nadh_ratio,train,Nicotinamide Riboside,C1=CC(=C[N+](=C1)C2C(C(C(O2)CO)O)O)C(=O)N,C1=CC(=C[N+](=C1)C2C(C(C(O2)CO)O)O)C(=O)N,single_molecule,1,pair:nicotinamide_riboside_nad_nadh_ratio,Drug intervention: Nicotinamide Riboside. Mechanism: NAD+ precursor supporting mitochondrial energetics. Recommended surrogate: NAD+ NADH ratio. Biomarker category: mitochondrial. Pathway: redox balance. Aging hallmark: mitochondrial dysfunction. Evidence score: 0.890. Surrogate confidence: 0.810. Literature support: 0.770. Reason: Closest mechanistic surrogate to the intended NAD-boosting effect.,pair:nmn_nad_nadh_ratio,Drug intervention: NMN. Mechanism: NAD+ precursor supporting redox balance and metabolic resilience. Recommended surrogate: NAD+ NADH ratio. Biomarker category: mitochondrial. Pathway: redox balance. Aging hallmark: mitochondrial dysfunction. Evidence score: 0.880. Surrogate confidence: 0.800. Literature support: 0.750. Reason: Primary surrogate for confirming on-target NAD restoration.,same_category,NAD+ NADH ratio
mol_pair_triplet_nicotinamide_riboside_atp_production,train,Nicotinamide Riboside,C1=CC(=C[N+](=C1)C2C(C(C(O2)CO)O)O)C(=O)N,C1=CC(=C[N+](=C1)C2C(C(C(O2)CO)O)O)C(=O)N,single_molecule,1,pair:nicotinamide_riboside_atp_production,Drug intervention: Nicotinamide Riboside. Mechanism: NAD+ precursor supporting mitochondrial energetics. Recommended surrogate: ATP production. Biomarker category: mitochondrial. Pathway: bioenergetics. Aging hallmark: mitochondrial dysfunction. Evidence score: 0.800. Surrogate confidence: 0.690. Literature support: 0.650. Reason: Functional mitochondrial-energy surrogate that strengthens the bioenergetics story.,pair:nmn_nad_nadh_ratio,Drug intervention: NMN. Mechanism: NAD+ precursor supporting redox balance and metabolic resilience. Recommended surrogate: NAD+ NADH ratio. Biomarker category: mitochondrial. Pathway: redox balance. Aging hallmark: mitochondrial dysfunction. Evidence score: 0.880. Surrogate confidence: 0.800. Literature support: 0.750. Reason: Primary surrogate for confirming on-target NAD restoration.,same_category,ATP production
mol_pair_triplet_nicotinamide_riboside_mtdna_copy_number,train,Nicotinamide Riboside,C1=CC(=C[N+](=C1)C2C(C(C(O2)CO)O)O)C(=O)N,C1=CC(=C[N+](=C1)C2C(C(C(O2)CO)O)O)C(=O)N,single_molecule,1,pair:nicotinamide_riboside_mtdna_copy_number,Drug intervention: Nicotinamide Riboside. Mechanism: NAD+ precursor supporting mitochondrial energetics. Recommended surrogate: mtDNA copy number. Biomarker category: mitochondrial. Pathway: mitochondrial maintenance. Aging hallmark: mitochondrial dysfunction. Evidence score: 0.740. Surrogate confidence: 0.630. Literature support: 0.600. Reason: Secondary mitochondrial maintenance readout for longer studies.,pair:nmn_nad_nadh_ratio,Drug intervention: NMN. Mechanism: NAD+ precursor supporting redox balance and metabolic resilience. Recommended surrogate: NAD+ NADH ratio. Biomarker category: mitochondrial. Pathway: redox balance. Aging hallmark: mitochondrial dysfunction. Evidence score: 0.880. Surrogate confidence: 0.800. Literature support: 0.750. Reason: Primary surrogate for confirming on-target NAD restoration.,same_category,mtDNA copy number
mol_pair_triplet_nicotinamide_riboside_fasting_insulin,train,Nicotinamide Riboside,C1=CC(=C[N+](=C1)C2C(C(C(O2)CO)O)O)C(=O)N,C1=CC(=C[N+](=C1)C2C(C(C(O2)CO)O)O)C(=O)N,single_molecule,1,pair:nicotinamide_riboside_fasting_insulin,Drug intervention: Nicotinamide Riboside. Mechanism: NAD+ precursor supporting mitochondrial energetics. Recommended surrogate: fasting insulin. Biomarker category: metabolic. Pathway: insulin signaling. Aging hallmark: deregulated nutrient sensing. Evidence score: 0.680. Surrogate confidence: 0.600. Literature support: 0.570. Reason: Useful if the intervention narrative extends into metabolic flexibility.,pair:metformin_hba1c,Drug intervention: Metformin. Mechanism: AMPK activation and glucose homeostasis. Recommended surrogate: HbA1c. Biomarker category: metabolic. Pathway: glucose metabolism. Aging hallmark: deregulated nutrient sensing. Evidence score: 0.900. Surrogate confidence: 0.880. Literature support: 0.860. Reason: Strong medium-term metabolic surrogate that tracks glycemic response in metformin-like interventions.,same_category,fasting insulin
mol_pair_triplet_nicotinamide_riboside_crp,train,Nicotinamide Riboside,C1=CC(=C[N+](=C1)C2C(C(C(O2)CO)O)O)C(=O)N,C1=CC(=C[N+](=C1)C2C(C(C(O2)CO)O)O)C(=O)N,single_molecule,1,pair:nicotinamide_riboside_crp,Drug intervention: Nicotinamide Riboside. Mechanism: NAD+ precursor supporting mitochondrial energetics. Recommended surrogate: CRP. Biomarker category: inflammation. Pathway: inflammation signaling. Aging hallmark: inflammaging. Evidence score: 0.660. Surrogate confidence: 0.550. Literature support: 0.560. Reason: Optional inflammation surrogate when energetic improvement also reduces stress burden.,pair:rapamycin_il6,Drug intervention: Rapamycin. Mechanism: mTOR inhibition and autophagy. Recommended surrogate: IL6. Biomarker category: inflammation. Pathway: cytokine signaling. Aging hallmark: inflammaging. Evidence score: 0.820. Surrogate confidence: 0.710. Literature support: 0.740. Reason: Inflammatory cytokine suited to tracking immunometabolic effects of mTOR inhibition.,same_category,CRP
mol_pair_triplet_nicotinamide_riboside_il6,train,Nicotinamide Riboside,C1=CC(=C[N+](=C1)C2C(C(C(O2)CO)O)O)C(=O)N,C1=CC(=C[N+](=C1)C2C(C(C(O2)CO)O)O)C(=O)N,single_molecule,1,pair:nicotinamide_riboside_il6,Drug intervention: Nicotinamide Riboside. Mechanism: NAD+ precursor supporting mitochondrial energetics. Recommended surrogate: IL6. Biomarker category: inflammation. Pathway: cytokine signaling. Aging hallmark: inflammaging. Evidence score: 0.640. Surrogate confidence: 0.530. Literature support: 0.540. Reason: Complements CRP for inflammaging-aware positioning.,pair:rapamycin_il6,Drug intervention: Rapamycin. Mechanism: mTOR inhibition and autophagy. Recommended surrogate: IL6. Biomarker category: inflammation. Pathway: cytokine signaling. Aging hallmark: inflammaging. Evidence score: 0.820. Surrogate confidence: 0.710. Literature support: 0.740. Reason: Inflammatory cytokine suited to tracking immunometabolic effects of mTOR inhibition.,same_category,IL6
mol_pair_triplet_nmn_nad_nadh_ratio,val,NMN,C1=CC(=C[N+](=C1)C2C(C(C(O2)COP(=O)(O)[O-])O)O)C(=O)N,C1=CC(=C[N+](=C1)C2C(C(C(O2)COP(=O)(O)[O-])O)O)C(=O)N,single_molecule,1,pair:nmn_nad_nadh_ratio,Drug intervention: NMN. Mechanism: NAD+ precursor supporting redox balance and metabolic resilience. Recommended surrogate: NAD+ NADH ratio. Biomarker category: mitochondrial. Pathway: redox balance. Aging hallmark: mitochondrial dysfunction. Evidence score: 0.880. Surrogate confidence: 0.800. Literature support: 0.750. Reason: Primary surrogate for confirming on-target NAD restoration.,pair:nicotinamide_riboside_nad_nadh_ratio,Drug intervention: Nicotinamide Riboside. Mechanism: NAD+ precursor supporting mitochondrial energetics. Recommended surrogate: NAD+ NADH ratio. Biomarker category: mitochondrial. Pathway: redox balance. Aging hallmark: mitochondrial dysfunction. Evidence score: 0.890. Surrogate confidence: 0.810. Literature support: 0.770. Reason: Closest mechanistic surrogate to the intended NAD-boosting effect.,same_category,NAD+ NADH ratio
mol_pair_triplet_nmn_atp_production,val,NMN,C1=CC(=C[N+](=C1)C2C(C(C(O2)COP(=O)(O)[O-])O)O)C(=O)N,C1=CC(=C[N+](=C1)C2C(C(C(O2)COP(=O)(O)[O-])O)O)C(=O)N,single_molecule,1,pair:nmn_atp_production,Drug intervention: NMN. Mechanism: NAD+ precursor supporting redox balance and metabolic resilience. Recommended surrogate: ATP production. Biomarker category: mitochondrial. Pathway: bioenergetics. Aging hallmark: mitochondrial dysfunction. Evidence score: 0.790. Surrogate confidence: 0.680. Literature support: 0.630. Reason: Supports the mitochondrial-performance narrative in a demo.,pair:nicotinamide_riboside_nad_nadh_ratio,Drug intervention: Nicotinamide Riboside. Mechanism: NAD+ precursor supporting mitochondrial energetics. Recommended surrogate: NAD+ NADH ratio. Biomarker category: mitochondrial. Pathway: redox balance. Aging hallmark: mitochondrial dysfunction. Evidence score: 0.890. Surrogate confidence: 0.810. Literature support: 0.770. Reason: Closest mechanistic surrogate to the intended NAD-boosting effect.,same_category,ATP production
mol_pair_triplet_nmn_mtdna_copy_number,val,NMN,C1=CC(=C[N+](=C1)C2C(C(C(O2)COP(=O)(O)[O-])O)O)C(=O)N,C1=CC(=C[N+](=C1)C2C(C(C(O2)COP(=O)(O)[O-])O)O)C(=O)N,single_molecule,1,pair:nmn_mtdna_copy_number,Drug intervention: NMN. Mechanism: NAD+ precursor supporting redox balance and metabolic resilience. Recommended surrogate: mtDNA copy number. Biomarker category: mitochondrial. Pathway: mitochondrial maintenance. Aging hallmark: mitochondrial dysfunction. Evidence score: 0.750. Surrogate confidence: 0.640. Literature support: 0.600. Reason: Practical mitochondrial maintenance readout when energy metabolism is central.,pair:nicotinamide_riboside_nad_nadh_ratio,Drug intervention: Nicotinamide Riboside. Mechanism: NAD+ precursor supporting mitochondrial energetics. Recommended surrogate: NAD+ NADH ratio. Biomarker category: mitochondrial. Pathway: redox balance. Aging hallmark: mitochondrial dysfunction. Evidence score: 0.890. Surrogate confidence: 0.810. Literature support: 0.770. Reason: Closest mechanistic surrogate to the intended NAD-boosting effect.,same_category,mtDNA copy number
mol_pair_triplet_nmn_epigenetic_clock,val,NMN,C1=CC(=C[N+](=C1)C2C(C(C(O2)COP(=O)(O)[O-])O)O)C(=O)N,C1=CC(=C[N+](=C1)C2C(C(C(O2)COP(=O)(O)[O-])O)O)C(=O)N,single_molecule,1,pair:nmn_epigenetic_clock,Drug intervention: NMN. Mechanism: NAD+ precursor supporting redox balance and metabolic resilience. Recommended surrogate: epigenetic clock. Biomarker category: epigenetic aging. Pathway: aging clocks. Aging hallmark: genomic instability. Evidence score: 0.700. Surrogate confidence: 0.720. Literature support: 0.520. Reason: Ambitious but demo-relevant systems-level surrogate for biological age framing.,pair:rapamycin_epigenetic_clock,Drug intervention: Rapamycin. Mechanism: mTOR inhibition and autophagy. Recommended surrogate: epigenetic clock. Biomarker category: epigenetic aging. Pathway: aging clocks. Aging hallmark: genomic instability. Evidence score: 0.760. Surrogate confidence: 0.800. Literature support: 0.620. Reason: Longer-horizon systems-level surrogate for biological age modulation.,same_category,epigenetic clock
mol_pair_triplet_nmn_fasting_insulin,val,NMN,C1=CC(=C[N+](=C1)C2C(C(C(O2)COP(=O)(O)[O-])O)O)C(=O)N,C1=CC(=C[N+](=C1)C2C(C(C(O2)COP(=O)(O)[O-])O)O)C(=O)N,single_molecule,1,pair:nmn_fasting_insulin,Drug intervention: NMN. Mechanism: NAD+ precursor supporting redox balance and metabolic resilience. Recommended surrogate: fasting insulin. Biomarker category: metabolic. Pathway: insulin signaling. Aging hallmark: deregulated nutrient sensing. Evidence score: 0.690. Surrogate confidence: 0.610. Literature support: 0.580. Reason: Captures downstream metabolic benefit if present.,pair:metformin_hba1c,Drug intervention: Metformin. Mechanism: AMPK activation and glucose homeostasis. Recommended surrogate: HbA1c. Biomarker category: metabolic. Pathway: glucose metabolism. Aging hallmark: deregulated nutrient sensing. Evidence score: 0.900. Surrogate confidence: 0.880. Literature support: 0.860. Reason: Strong medium-term metabolic surrogate that tracks glycemic response in metformin-like interventions.,same_category,fasting insulin
mol_pair_triplet_nmn_crp,val,NMN,C1=CC(=C[N+](=C1)C2C(C(C(O2)COP(=O)(O)[O-])O)O)C(=O)N,C1=CC(=C[N+](=C1)C2C(C(C(O2)COP(=O)(O)[O-])O)O)C(=O)N,single_molecule,1,pair:nmn_crp,Drug intervention: NMN. Mechanism: NAD+ precursor supporting redox balance and metabolic resilience. Recommended surrogate: CRP. Biomarker category: inflammation. Pathway: inflammation signaling. Aging hallmark: inflammaging. Evidence score: 0.650. Surrogate confidence: 0.550. Literature support: 0.550. Reason: Secondary inflammation readout when systemic stress improves.,pair:rapamycin_il6,Drug intervention: Rapamycin. Mechanism: mTOR inhibition and autophagy. Recommended surrogate: IL6. Biomarker category: inflammation. Pathway: cytokine signaling. Aging hallmark: inflammaging. Evidence score: 0.820. Surrogate confidence: 0.710. Literature support: 0.740. Reason: Inflammatory cytokine suited to tracking immunometabolic effects of mTOR inhibition.,same_category,CRP
mol_pair_triplet_spermidine_epigenetic_clock,train,Spermidine,C(CCNCCCN)CN,C(CCNCCCN)CN,single_molecule,1,pair:spermidine_epigenetic_clock,Drug intervention: Spermidine. Mechanism: autophagy induction and cellular maintenance. Recommended surrogate: epigenetic clock. Biomarker category: epigenetic aging. Pathway: aging clocks. Aging hallmark: genomic instability. Evidence score: 0.760. Surrogate confidence: 0.780. Literature support: 0.600. Reason: Useful high-level aging surrogate for autophagy-focused interventions.,pair:rapamycin_epigenetic_clock,Drug intervention: Rapamycin. Mechanism: mTOR inhibition and autophagy. Recommended surrogate: epigenetic clock. Biomarker category: epigenetic aging. Pathway: aging clocks. Aging hallmark: genomic instability. Evidence score: 0.760. Surrogate confidence: 0.800. Literature support: 0.620. Reason: Longer-horizon systems-level surrogate for biological age modulation.,same_category,epigenetic clock
mol_pair_triplet_spermidine_crp,train,Spermidine,C(CCNCCCN)CN,C(CCNCCCN)CN,single_molecule,1,pair:spermidine_crp,Drug intervention: Spermidine. Mechanism: autophagy induction and cellular maintenance. Recommended surrogate: CRP. Biomarker category: inflammation. Pathway: inflammation signaling. Aging hallmark: inflammaging. Evidence score: 0.700. Surrogate confidence: 0.610. Literature support: 0.600. Reason: Inflammation readout aligned with healthier systemic aging trajectories.,pair:rapamycin_il6,Drug intervention: Rapamycin. Mechanism: mTOR inhibition and autophagy. Recommended surrogate: IL6. Biomarker category: inflammation. Pathway: cytokine signaling. Aging hallmark: inflammaging. Evidence score: 0.820. Surrogate confidence: 0.710. Literature support: 0.740. Reason: Inflammatory cytokine suited to tracking immunometabolic effects of mTOR inhibition.,same_category,CRP
mol_pair_triplet_spermidine_il6,train,Spermidine,C(CCNCCCN)CN,C(CCNCCCN)CN,single_molecule,1,pair:spermidine_il6,Drug intervention: Spermidine. Mechanism: autophagy induction and cellular maintenance. Recommended surrogate: IL6. Biomarker category: inflammation. Pathway: cytokine signaling. Aging hallmark: inflammaging. Evidence score: 0.680. Surrogate confidence: 0.590. Literature support: 0.580. Reason: Pairs well with CRP for inflammaging-aware reasoning.,pair:rapamycin_il6,Drug intervention: Rapamycin. Mechanism: mTOR inhibition and autophagy. Recommended surrogate: IL6. Biomarker category: inflammation. Pathway: cytokine signaling. Aging hallmark: inflammaging. Evidence score: 0.820. Surrogate confidence: 0.710. Literature support: 0.740. Reason: Inflammatory cytokine suited to tracking immunometabolic effects of mTOR inhibition.,same_category,IL6
mol_pair_triplet_spermidine_mtdna_copy_number,train,Spermidine,C(CCNCCCN)CN,C(CCNCCCN)CN,single_molecule,1,pair:spermidine_mtdna_copy_number,Drug intervention: Spermidine. Mechanism: autophagy induction and cellular maintenance. Recommended surrogate: mtDNA copy number. Biomarker category: mitochondrial. Pathway: mitochondrial maintenance. Aging hallmark: mitochondrial dysfunction. Evidence score: 0.670. Surrogate confidence: 0.570. Literature support: 0.540. Reason: Supports the cellular-maintenance and mitochondrial-quality narrative.,pair:nicotinamide_riboside_nad_nadh_ratio,Drug intervention: Nicotinamide Riboside. Mechanism: NAD+ precursor supporting mitochondrial energetics. Recommended surrogate: NAD+ NADH ratio. Biomarker category: mitochondrial. Pathway: redox balance. Aging hallmark: mitochondrial dysfunction. Evidence score: 0.890. Surrogate confidence: 0.810. Literature support: 0.770. Reason: Closest mechanistic surrogate to the intended NAD-boosting effect.,same_category,mtDNA copy number
mol_pair_triplet_spermidine_gdf15,train,Spermidine,C(CCNCCCN)CN,C(CCNCCCN)CN,single_molecule,1,pair:spermidine_gdf15,Drug intervention: Spermidine. Mechanism: autophagy induction and cellular maintenance. Recommended surrogate: GDF15. Biomarker category: stress response. Pathway: integrated stress response. Aging hallmark: cellular senescence. Evidence score: 0.660. Surrogate confidence: 0.580. Literature support: 0.550. Reason: Stress-response biomarker for systemic adaptation and resilience.,pair:metformin_gdf15,Drug intervention: Metformin. Mechanism: AMPK activation and glucose homeostasis. Recommended surrogate: GDF15. Biomarker category: stress response. Pathway: integrated stress response. Aging hallmark: cellular senescence. Evidence score: 0.800. Surrogate confidence: 0.740. Literature support: 0.720. Reason: Mechanistically relevant stress-response biomarker frequently discussed for metformin exposure and response.,same_category,GDF15
mol_pair_triplet_resveratrol_crp,train,Resveratrol,C1=CC(=CC=C1C=CC2=CC(=CC(=C2)O)O)O,C1=CC(=CC=C1C=CC2=CC(=CC(=C2)O)O)O,single_molecule,1,pair:resveratrol_crp,Drug intervention: Resveratrol. Mechanism: stress-response signaling and metabolic modulation. Recommended surrogate: CRP. Biomarker category: inflammation. Pathway: inflammation signaling. Aging hallmark: inflammaging. Evidence score: 0.740. Surrogate confidence: 0.640. Literature support: 0.670. Reason: Straightforward inflammation surrogate for stress-response modulation.,pair:rapamycin_il6,Drug intervention: Rapamycin. Mechanism: mTOR inhibition and autophagy. Recommended surrogate: IL6. Biomarker category: inflammation. Pathway: cytokine signaling. Aging hallmark: inflammaging. Evidence score: 0.820. Surrogate confidence: 0.710. Literature support: 0.740. Reason: Inflammatory cytokine suited to tracking immunometabolic effects of mTOR inhibition.,same_category,CRP
mol_pair_triplet_resveratrol_il6,train,Resveratrol,C1=CC(=CC=C1C=CC2=CC(=CC(=C2)O)O)O,C1=CC(=CC=C1C=CC2=CC(=CC(=C2)O)O)O,single_molecule,1,pair:resveratrol_il6,Drug intervention: Resveratrol. Mechanism: stress-response signaling and metabolic modulation. Recommended surrogate: IL6. Biomarker category: inflammation. Pathway: cytokine signaling. Aging hallmark: inflammaging. Evidence score: 0.720. Surrogate confidence: 0.620. Literature support: 0.640. Reason: Useful cytokine-level readout for inflammaging claims.,pair:rapamycin_il6,Drug intervention: Rapamycin. Mechanism: mTOR inhibition and autophagy. Recommended surrogate: IL6. Biomarker category: inflammation. Pathway: cytokine signaling. Aging hallmark: inflammaging. Evidence score: 0.820. Surrogate confidence: 0.710. Literature support: 0.740. Reason: Inflammatory cytokine suited to tracking immunometabolic effects of mTOR inhibition.,same_category,IL6
mol_pair_triplet_resveratrol_homa_ir,train,Resveratrol,C1=CC(=CC=C1C=CC2=CC(=CC(=C2)O)O)O,C1=CC(=CC=C1C=CC2=CC(=CC(=C2)O)O)O,single_molecule,1,pair:resveratrol_homa_ir,Drug intervention: Resveratrol. Mechanism: stress-response signaling and metabolic modulation. Recommended surrogate: HOMA-IR. Biomarker category: metabolic. Pathway: insulin signaling. Aging hallmark: deregulated nutrient sensing. Evidence score: 0.710. Surrogate confidence: 0.640. Literature support: 0.610. Reason: Summarizes insulin-resistance shifts in a single surrogate.,pair:metformin_hba1c,Drug intervention: Metformin. Mechanism: AMPK activation and glucose homeostasis. Recommended surrogate: HbA1c. Biomarker category: metabolic. Pathway: glucose metabolism. Aging hallmark: deregulated nutrient sensing. Evidence score: 0.900. Surrogate confidence: 0.880. Literature support: 0.860. Reason: Strong medium-term metabolic surrogate that tracks glycemic response in metformin-like interventions.,same_category,HOMA-IR
mol_pair_triplet_resveratrol_tnf_alpha,train,Resveratrol,C1=CC(=CC=C1C=CC2=CC(=CC(=C2)O)O)O,C1=CC(=CC=C1C=CC2=CC(=CC(=C2)O)O)O,single_molecule,1,pair:resveratrol_tnf_alpha,Drug intervention: Resveratrol. Mechanism: stress-response signaling and metabolic modulation. Recommended surrogate: TNF-alpha. Biomarker category: inflammation. Pathway: cytokine signaling. Aging hallmark: inflammaging. Evidence score: 0.700. Surrogate confidence: 0.600. Literature support: 0.620. Reason: Adds mechanistic depth to anti-inflammatory positioning.,pair:rapamycin_il6,Drug intervention: Rapamycin. Mechanism: mTOR inhibition and autophagy. Recommended surrogate: IL6. Biomarker category: inflammation. Pathway: cytokine signaling. Aging hallmark: inflammaging. Evidence score: 0.820. Surrogate confidence: 0.710. Literature support: 0.740. Reason: Inflammatory cytokine suited to tracking immunometabolic effects of mTOR inhibition.,same_category,TNF-alpha
mol_pair_triplet_resveratrol_fasting_glucose,train,Resveratrol,C1=CC(=CC=C1C=CC2=CC(=CC(=C2)O)O)O,C1=CC(=CC=C1C=CC2=CC(=CC(=C2)O)O)O,single_molecule,1,pair:resveratrol_fasting_glucose,Drug intervention: Resveratrol. Mechanism: stress-response signaling and metabolic modulation. Recommended surrogate: fasting glucose. Biomarker category: metabolic. Pathway: glucose metabolism. Aging hallmark: deregulated nutrient sensing. Evidence score: 0.690. Surrogate confidence: 0.610. Literature support: 0.600. Reason: Good metabolic readout when resveratrol is framed around insulin sensitivity.,pair:metformin_hba1c,Drug intervention: Metformin. Mechanism: AMPK activation and glucose homeostasis. Recommended surrogate: HbA1c. Biomarker category: metabolic. Pathway: glucose metabolism. Aging hallmark: deregulated nutrient sensing. Evidence score: 0.900. Surrogate confidence: 0.880. Literature support: 0.860. Reason: Strong medium-term metabolic surrogate that tracks glycemic response in metformin-like interventions.,same_category,fasting glucose
mol_pair_triplet_resveratrol_triglycerides,train,Resveratrol,C1=CC(=CC=C1C=CC2=CC(=CC(=C2)O)O)O,C1=CC(=CC=C1C=CC2=CC(=CC(=C2)O)O)O,single_molecule,1,pair:resveratrol_triglycerides,Drug intervention: Resveratrol. Mechanism: stress-response signaling and metabolic modulation. Recommended surrogate: triglycerides. Biomarker category: metabolic. Pathway: lipid metabolism. Aging hallmark: deregulated nutrient sensing. Evidence score: 0.680. Surrogate confidence: 0.580. Literature support: 0.590. Reason: Useful lipid readout for broader cardiometabolic benefit.,pair:metformin_hba1c,Drug intervention: Metformin. Mechanism: AMPK activation and glucose homeostasis. Recommended surrogate: HbA1c. Biomarker category: metabolic. Pathway: glucose metabolism. Aging hallmark: deregulated nutrient sensing. Evidence score: 0.900. Surrogate confidence: 0.880. Literature support: 0.860. Reason: Strong medium-term metabolic surrogate that tracks glycemic response in metformin-like interventions.,same_category,triglycerides
