doc_id,doc_type,title,text,split,source_id,ranking_weight
intervention:acarbose,intervention,Acarbose,"Drug intervention: Acarbose. Mechanism: postprandial glucose modulation. Top surrogate biomarkers: HbA1c, fasting glucose, fasting insulin, HOMA-IR, triglycerides. Biomarker categories: metabolic, inflammation. Pathways: glucose metabolism, insulin signaling, lipid metabolism, inflammation signaling. Aging hallmarks: deregulated nutrient sensing, inflammaging. Similar interventions: Metformin, Semaglutide, Empagliflozin.",train,acarbose,1.0
intervention:dasatinib_quercetin,intervention,Dasatinib + Quercetin,"Drug intervention: Dasatinib + Quercetin. Mechanism: senolytic combination targeting senescent cell survival pathways. Top surrogate biomarkers: SASP panel, p16INK4a expression, IL6, TNF-alpha, GDF15. Biomarker categories: senescence, inflammation, stress response. Pathways: secretory phenotype, cell cycle arrest, cytokine signaling, integrated stress response. Aging hallmarks: cellular senescence, inflammaging. Similar interventions: Fisetin, Rapamycin, Spermidine.",test,dasatinib_quercetin,1.0
intervention:empagliflozin,intervention,Empagliflozin,"Drug intervention: Empagliflozin. Mechanism: SGLT2 inhibition and glucosuria-driven metabolic unloading. Top surrogate biomarkers: HbA1c, fasting glucose, NT-proBNP, fasting insulin, body fat percentage. Biomarker categories: metabolic, cardiovascular, body composition, inflammation. Pathways: glucose metabolism, cardiac stress, insulin signaling, energy balance. Aging hallmarks: deregulated nutrient sensing, altered intercellular communication, inflammaging. Similar interventions: Metformin, Semaglutide, Acarbose.",train,empagliflozin,1.0
intervention:fisetin,intervention,Fisetin,"Drug intervention: Fisetin. Mechanism: senolytic flavonoid with anti-inflammatory and stress-response effects. Top surrogate biomarkers: SASP panel, p16INK4a expression, IL6, TNF-alpha, GDF15. Biomarker categories: senescence, inflammation, stress response. Pathways: secretory phenotype, cell cycle arrest, cytokine signaling, integrated stress response. Aging hallmarks: cellular senescence, inflammaging. Similar interventions: Dasatinib + Quercetin, Resveratrol, Spermidine.",train,fisetin,1.0
intervention:liraglutide,intervention,Liraglutide,"Drug intervention: Liraglutide. Mechanism: GLP-1 receptor agonism and metabolic regulation. Top surrogate biomarkers: HbA1c, fasting glucose, body fat percentage, fasting insulin, triglycerides. Biomarker categories: metabolic, body composition, inflammation. Pathways: glucose metabolism, energy balance, insulin signaling, lipid metabolism. Aging hallmarks: deregulated nutrient sensing, inflammaging. Similar interventions: Semaglutide, Metformin, Empagliflozin.",train,liraglutide,1.0
intervention:metformin,intervention,Metformin,"Drug intervention: Metformin. Mechanism: AMPK activation and glucose homeostasis. Top surrogate biomarkers: HbA1c, fasting insulin, HOMA-IR, GDF15, CRP. Biomarker categories: metabolic, stress response, inflammation. Pathways: glucose metabolism, insulin signaling, integrated stress response, inflammation signaling. Aging hallmarks: deregulated nutrient sensing, cellular senescence, inflammaging. Similar interventions: Acarbose, Semaglutide, Empagliflozin.",train,metformin,1.0
intervention:nmn,intervention,NMN,"Drug intervention: NMN. Mechanism: NAD+ precursor supporting redox balance and metabolic resilience. Top surrogate biomarkers: NAD+ NADH ratio, ATP production, mtDNA copy number, epigenetic clock, fasting insulin. Biomarker categories: mitochondrial, epigenetic aging, metabolic, inflammation. Pathways: redox balance, bioenergetics, mitochondrial maintenance, aging clocks. Aging hallmarks: mitochondrial dysfunction, genomic instability, deregulated nutrient sensing, inflammaging. Similar interventions: Nicotinamide Riboside, Metformin, Spermidine.",val,nmn,1.0
intervention:nicotinamide_riboside,intervention,Nicotinamide Riboside,"Drug intervention: Nicotinamide Riboside. Mechanism: NAD+ precursor supporting mitochondrial energetics. Top surrogate biomarkers: NAD+ NADH ratio, ATP production, mtDNA copy number, fasting insulin, CRP. Biomarker categories: mitochondrial, metabolic, inflammation. Pathways: redox balance, bioenergetics, mitochondrial maintenance, insulin signaling. Aging hallmarks: mitochondrial dysfunction, deregulated nutrient sensing, inflammaging. Similar interventions: NMN, Metformin, Spermidine.",train,nicotinamide_riboside,1.0
intervention:rapamycin,intervention,Rapamycin,"Drug intervention: Rapamycin. Mechanism: mTOR inhibition and autophagy. Top surrogate biomarkers: IL6, CRP, epigenetic clock, IGF-1, fasting insulin. Biomarker categories: inflammation, epigenetic aging, growth signaling, metabolic. Pathways: cytokine signaling, inflammation signaling, aging clocks, insulin IGF signaling. Aging hallmarks: inflammaging, genomic instability, deregulated nutrient sensing, cellular senescence. Similar interventions: Spermidine, Metformin, NMN.",val,rapamycin,1.0
intervention:resveratrol,intervention,Resveratrol,"Drug intervention: Resveratrol. Mechanism: stress-response signaling and metabolic modulation. Top surrogate biomarkers: CRP, IL6, HOMA-IR, TNF-alpha, fasting glucose. Biomarker categories: inflammation, metabolic. Pathways: inflammation signaling, cytokine signaling, insulin signaling, glucose metabolism. Aging hallmarks: inflammaging, deregulated nutrient sensing. Similar interventions: Fisetin, Metformin, Spermidine.",train,resveratrol,1.0
intervention:semaglutide,intervention,Semaglutide,"Drug intervention: Semaglutide. Mechanism: GLP-1 receptor agonism and satiety signaling. Top surrogate biomarkers: HbA1c, fasting glucose, body fat percentage, fasting insulin, triglycerides. Biomarker categories: metabolic, body composition. Pathways: glucose metabolism, energy balance, insulin signaling, lipid metabolism. Aging hallmarks: deregulated nutrient sensing. Similar interventions: Liraglutide, Metformin, Empagliflozin.",test,semaglutide,1.0
intervention:spermidine,intervention,Spermidine,"Drug intervention: Spermidine. Mechanism: autophagy induction and cellular maintenance. Top surrogate biomarkers: epigenetic clock, CRP, IL6, mtDNA copy number, GDF15. Biomarker categories: epigenetic aging, inflammation, mitochondrial, stress response. Pathways: aging clocks, inflammation signaling, cytokine signaling, mitochondrial maintenance. Aging hallmarks: genomic instability, inflammaging, mitochondrial dysfunction, cellular senescence. Similar interventions: Rapamycin, NMN, Resveratrol.",train,spermidine,1.0
surrogate:atp_production,surrogate,ATP production,"Surrogate biomarker: ATP production. Category: mitochondrial. Pathways: bioenergetics. Aging hallmarks: mitochondrial dysfunction. Observed across interventions: Nicotinamide Riboside, NMN.",shared,atp_production,0.795
surrogate:crp,surrogate,CRP,"Surrogate biomarker: CRP. Category: inflammation. Pathways: inflammation signaling. Aging hallmarks: inflammaging. Observed across interventions: Rapamycin, Metformin, Resveratrol, Liraglutide, Spermidine, Empagliflozin, Dasatinib + Quercetin, Acarbose.",shared,crp,0.706
surrogate:gdf15,surrogate,GDF15,"Surrogate biomarker: GDF15. Category: stress response. Pathways: integrated stress response. Aging hallmarks: cellular senescence. Observed across interventions: Metformin, Dasatinib + Quercetin, Fisetin, Rapamycin, Spermidine.",shared,gdf15,0.712
surrogate:homa_ir,surrogate,HOMA-IR,"Surrogate biomarker: HOMA-IR. Category: metabolic. Pathways: insulin signaling. Aging hallmarks: deregulated nutrient sensing. Observed across interventions: Metformin, Acarbose, Resveratrol.",shared,homa_ir,0.777
surrogate:hba1c,surrogate,HbA1c,"Surrogate biomarker: HbA1c. Category: metabolic. Pathways: glucose metabolism. Aging hallmarks: deregulated nutrient sensing. Observed across interventions: Semaglutide, Metformin, Liraglutide, Empagliflozin, Acarbose.",shared,hba1c,0.88
surrogate:igf_1,surrogate,IGF-1,Surrogate biomarker: IGF-1. Category: growth signaling. Pathways: insulin IGF signaling. Aging hallmarks: deregulated nutrient sensing. Observed across interventions: Rapamycin.,shared,igf_1,0.74
surrogate:il6,surrogate,IL6,"Surrogate biomarker: IL6. Category: inflammation. Pathways: cytokine signaling. Aging hallmarks: inflammaging. Observed across interventions: Rapamycin, Dasatinib + Quercetin, Fisetin, Metformin, Resveratrol, Spermidine, Nicotinamide Riboside.",shared,il6,0.734
surrogate:ldl_c,surrogate,LDL-C,Surrogate biomarker: LDL-C. Category: metabolic. Pathways: lipid metabolism. Aging hallmarks: deregulated nutrient sensing. Observed across interventions: Semaglutide.,shared,ldl_c,0.73
surrogate:nad_nadh_ratio,surrogate,NAD+ NADH ratio,"Surrogate biomarker: NAD+ NADH ratio. Category: mitochondrial. Pathways: redox balance. Aging hallmarks: mitochondrial dysfunction. Observed across interventions: Nicotinamide Riboside, NMN.",shared,nad_nadh_ratio,0.885
surrogate:nt_probnp,surrogate,NT-proBNP,Surrogate biomarker: NT-proBNP. Category: cardiovascular. Pathways: cardiac stress. Aging hallmarks: altered intercellular communication. Observed across interventions: Empagliflozin.,shared,nt_probnp,0.8
surrogate:sasp_panel,surrogate,SASP panel,"Surrogate biomarker: SASP panel. Category: senescence. Pathways: secretory phenotype. Aging hallmarks: cellular senescence. Observed across interventions: Dasatinib + Quercetin, Fisetin.",shared,sasp_panel,0.87
surrogate:tnf_alpha,surrogate,TNF-alpha,"Surrogate biomarker: TNF-alpha. Category: inflammation. Pathways: cytokine signaling. Aging hallmarks: inflammaging. Observed across interventions: Dasatinib + Quercetin, Fisetin, Resveratrol.",shared,tnf_alpha,0.733
surrogate:body_fat_percentage,surrogate,body fat percentage,"Surrogate biomarker: body fat percentage. Category: body composition. Pathways: energy balance. Aging hallmarks: deregulated nutrient sensing. Observed across interventions: Semaglutide, Liraglutide, Empagliflozin.",shared,body_fat_percentage,0.8
surrogate:epigenetic_clock,surrogate,epigenetic clock,"Surrogate biomarker: epigenetic clock. Category: epigenetic aging. Pathways: aging clocks. Aging hallmarks: genomic instability. Observed across interventions: Rapamycin, Spermidine, NMN.",shared,epigenetic_clock,0.74
surrogate:fasting_glucose,surrogate,fasting glucose,"Surrogate biomarker: fasting glucose. Category: metabolic. Pathways: glucose metabolism. Aging hallmarks: deregulated nutrient sensing. Observed across interventions: Semaglutide, Liraglutide, Acarbose, Empagliflozin, Resveratrol.",shared,fasting_glucose,0.814
surrogate:fasting_insulin,surrogate,fasting insulin,"Surrogate biomarker: fasting insulin. Category: metabolic. Pathways: insulin signaling. Aging hallmarks: deregulated nutrient sensing. Observed across interventions: Metformin, Semaglutide, Liraglutide, Acarbose, Empagliflozin, Rapamycin, NMN, Nicotinamide Riboside.",shared,fasting_insulin,0.764
surrogate:mtdna_copy_number,surrogate,mtDNA copy number,"Surrogate biomarker: mtDNA copy number. Category: mitochondrial. Pathways: mitochondrial maintenance. Aging hallmarks: mitochondrial dysfunction. Observed across interventions: NMN, Nicotinamide Riboside, Spermidine.",shared,mtdna_copy_number,0.72
surrogate:p16ink4a_expression,surrogate,p16INK4a expression,"Surrogate biomarker: p16INK4a expression. Category: senescence. Pathways: cell cycle arrest. Aging hallmarks: cellular senescence. Observed across interventions: Dasatinib + Quercetin, Fisetin.",shared,p16ink4a_expression,0.845
surrogate:triglycerides,surrogate,triglycerides,"Surrogate biomarker: triglycerides. Category: metabolic. Pathways: lipid metabolism. Aging hallmarks: deregulated nutrient sensing. Observed across interventions: Semaglutide, Liraglutide, Acarbose, Resveratrol.",shared,triglycerides,0.735
biomarker_semantic:atp_production,biomarker_semantic,ATP production semantic profile,"Biomarker semantic profile: ATP production. Category: mitochondrial. Pathways: bioenergetics. Aging hallmarks: mitochondrial dysfunction. Mechanism-of-action contexts: NAD+ precursor supporting mitochondrial energetics, NAD+ precursor supporting redox balance and metabolic resilience. Mechanism themes: NAD+ restoration, mitochondrial bioenergetics. Linked drug interventions: Nicotinamide Riboside, NMN. Why informative: Functional mitochondrial-energy surrogate that strengthens the bioenergetics story. Supports the mitochondrial-performance narrative in a demo. Mean evidence score: 0.795. Mean surrogate confidence: 0.685. Mean literature support: 0.640.",shared,atp_production,0.795
biomarker_semantic:crp,biomarker_semantic,CRP semantic profile,"Biomarker semantic profile: CRP. Category: inflammation. Pathways: inflammation signaling. Aging hallmarks: inflammaging. Mechanism-of-action contexts: mTOR inhibition and autophagy, AMPK activation and glucose homeostasis, stress-response signaling and metabolic modulation, GLP-1 receptor agonism and metabolic regulation, autophagy induction and cellular maintenance, SGLT2 inhibition and glucosuria-driven metabolic unloading. Mechanism themes: mTOR inhibition, autophagy induction, AMPK activation, glucose regulation, GLP-1 receptor agonism, SGLT2 inhibition. Linked drug interventions: Rapamycin, Metformin, Resveratrol, Liraglutide, Spermidine, Empagliflozin, Dasatinib + Quercetin, Acarbose. Why informative: Accessible systemic inflammation surrogate for rapamycin-like interventions. Captures the inflammatory spillover often improved when metabolic control improves. Straightforward inflammation surrogate for stress-response modulation. Mean evidence score: 0.706. Mean surrogate confidence: 0.605. Mean literature support: 0.617.",shared,crp,0.706
biomarker_semantic:gdf15,biomarker_semantic,GDF15 semantic profile,"Biomarker semantic profile: GDF15. Category: stress response. Pathways: integrated stress response. Aging hallmarks: cellular senescence. Mechanism-of-action contexts: AMPK activation and glucose homeostasis, senolytic combination targeting senescent cell survival pathways, senolytic flavonoid with anti-inflammatory and stress-response effects, mTOR inhibition and autophagy, autophagy induction and cellular maintenance. Mechanism themes: AMPK activation, glucose regulation, senolytic activity, mTOR inhibition, autophagy induction. Linked drug interventions: Metformin, Dasatinib + Quercetin, Fisetin, Rapamycin, Spermidine. Why informative: Mechanistically relevant stress-response biomarker frequently discussed for metformin exposure and response. Stress and tissue-dysfunction marker useful for translational follow-up. Stress-response surrogate for systemic adaptation and tissue burden. Mean evidence score: 0.712. Mean surrogate confidence: 0.632. Mean literature support: 0.606.",shared,gdf15,0.712
biomarker_semantic:homa_ir,biomarker_semantic,HOMA-IR semantic profile,"Biomarker semantic profile: HOMA-IR. Category: metabolic. Pathways: insulin signaling. Aging hallmarks: deregulated nutrient sensing. Mechanism-of-action contexts: AMPK activation and glucose homeostasis, postprandial glucose modulation, stress-response signaling and metabolic modulation. Mechanism themes: AMPK activation, glucose regulation. Linked drug interventions: Metformin, Acarbose, Resveratrol. Why informative: Composite insulin-resistance surrogate aligned with metabolic flexibility claims. Useful summary surrogate when insulin resistance is part of the trial story. Summarizes insulin-resistance shifts in a single surrogate. Mean evidence score: 0.777. Mean surrogate confidence: 0.737. Mean literature support: 0.693.",shared,homa_ir,0.777
biomarker_semantic:hba1c,biomarker_semantic,HbA1c semantic profile,"Biomarker semantic profile: HbA1c. Category: metabolic. Pathways: glucose metabolism. Aging hallmarks: deregulated nutrient sensing. Mechanism-of-action contexts: GLP-1 receptor agonism and satiety signaling, AMPK activation and glucose homeostasis, GLP-1 receptor agonism and metabolic regulation, SGLT2 inhibition and glucosuria-driven metabolic unloading, postprandial glucose modulation. Mechanism themes: GLP-1 receptor agonism, satiety signaling, AMPK activation, glucose regulation, SGLT2 inhibition. Linked drug interventions: Semaglutide, Metformin, Liraglutide, Empagliflozin, Acarbose. Why informative: High-confidence surrogate for metabolic response to GLP-1 receptor agonism. Strong medium-term metabolic surrogate that tracks glycemic response in metformin-like interventions. Reliable glycemic surrogate with strong translational familiarity. Mean evidence score: 0.880. Mean surrogate confidence: 0.860. Mean literature support: 0.828.",shared,hba1c,0.88
biomarker_semantic:igf_1,biomarker_semantic,IGF-1 semantic profile,"Biomarker semantic profile: IGF-1. Category: growth signaling. Pathways: insulin IGF signaling. Aging hallmarks: deregulated nutrient sensing. Mechanism-of-action contexts: mTOR inhibition and autophagy. Mechanism themes: mTOR inhibition, autophagy induction. Linked drug interventions: Rapamycin. Why informative: Nutrient-sensing related biomarker consistent with upstream pathway modulation. Mean evidence score: 0.740. Mean surrogate confidence: 0.680. Mean literature support: 0.660.",shared,igf_1,0.74
biomarker_semantic:il6,biomarker_semantic,IL6 semantic profile,"Biomarker semantic profile: IL6. Category: inflammation. Pathways: cytokine signaling. Aging hallmarks: inflammaging. Mechanism-of-action contexts: mTOR inhibition and autophagy, senolytic combination targeting senescent cell survival pathways, senolytic flavonoid with anti-inflammatory and stress-response effects, AMPK activation and glucose homeostasis, stress-response signaling and metabolic modulation, autophagy induction and cellular maintenance. Mechanism themes: mTOR inhibition, autophagy induction, senolytic activity, AMPK activation, glucose regulation. Linked drug interventions: Rapamycin, Dasatinib + Quercetin, Fisetin, Metformin, Resveratrol, Spermidine, Nicotinamide Riboside. Why informative: Inflammatory cytokine suited to tracking immunometabolic effects of mTOR inhibition. Inflammatory cytokine linked to SASP and inflammaging. Inflammaging-linked cytokine with strong demo interpretability. Mean evidence score: 0.734. Mean surrogate confidence: 0.637. Mean literature support: 0.650.",shared,il6,0.734
biomarker_semantic:ldl_c,biomarker_semantic,LDL-C semantic profile,"Biomarker semantic profile: LDL-C. Category: metabolic. Pathways: lipid metabolism. Aging hallmarks: deregulated nutrient sensing. Mechanism-of-action contexts: GLP-1 receptor agonism and satiety signaling. Mechanism themes: GLP-1 receptor agonism, satiety signaling. Linked drug interventions: Semaglutide. Why informative: Relevant when positioning semaglutide-like compounds in cardiometabolic aging. Mean evidence score: 0.730. Mean surrogate confidence: 0.630. Mean literature support: 0.670.",shared,ldl_c,0.73
biomarker_semantic:nad_nadh_ratio,biomarker_semantic,NAD+ NADH ratio semantic profile,"Biomarker semantic profile: NAD+ NADH ratio. Category: mitochondrial. Pathways: redox balance. Aging hallmarks: mitochondrial dysfunction. Mechanism-of-action contexts: NAD+ precursor supporting mitochondrial energetics, NAD+ precursor supporting redox balance and metabolic resilience. Mechanism themes: NAD+ restoration, mitochondrial bioenergetics. Linked drug interventions: Nicotinamide Riboside, NMN. Why informative: Closest mechanistic surrogate to the intended NAD-boosting effect. Primary surrogate for confirming on-target NAD restoration. Mean evidence score: 0.885. Mean surrogate confidence: 0.805. Mean literature support: 0.760.",shared,nad_nadh_ratio,0.885
biomarker_semantic:nt_probnp,biomarker_semantic,NT-proBNP semantic profile,Biomarker semantic profile: NT-proBNP. Category: cardiovascular. Pathways: cardiac stress. Aging hallmarks: altered intercellular communication. Mechanism-of-action contexts: SGLT2 inhibition and glucosuria-driven metabolic unloading. Mechanism themes: SGLT2 inhibition. Linked drug interventions: Empagliflozin. Why informative: Useful cardio-renal stress surrogate for interventions positioned around resilience and risk reduction. Mean evidence score: 0.800. Mean surrogate confidence: 0.730. Mean literature support: 0.710.,shared,nt_probnp,0.8
biomarker_semantic:sasp_panel,biomarker_semantic,SASP panel semantic profile,"Biomarker semantic profile: SASP panel. Category: senescence. Pathways: secretory phenotype. Aging hallmarks: cellular senescence. Mechanism-of-action contexts: senolytic combination targeting senescent cell survival pathways, senolytic flavonoid with anti-inflammatory and stress-response effects. Mechanism themes: senolytic activity. Linked drug interventions: Dasatinib + Quercetin, Fisetin. Why informative: Best match when the intervention claim is senolysis and reduced secretory phenotype. Captures the senescence-linked secretory phenotype targeted by fisetin-like compounds. Mean evidence score: 0.870. Mean surrogate confidence: 0.810. Mean literature support: 0.745.",shared,sasp_panel,0.87
biomarker_semantic:tnf_alpha,biomarker_semantic,TNF-alpha semantic profile,"Biomarker semantic profile: TNF-alpha. Category: inflammation. Pathways: cytokine signaling. Aging hallmarks: inflammaging. Mechanism-of-action contexts: senolytic combination targeting senescent cell survival pathways, senolytic flavonoid with anti-inflammatory and stress-response effects, stress-response signaling and metabolic modulation. Mechanism themes: senolytic activity. Linked drug interventions: Dasatinib + Quercetin, Fisetin, Resveratrol. Why informative: Supports the anti-inflammatory senescence-clearance story. Supports inflammation-resolution claims around fisetin. Adds mechanistic depth to anti-inflammatory positioning. Mean evidence score: 0.733. Mean surrogate confidence: 0.637. Mean literature support: 0.647.",shared,tnf_alpha,0.733
biomarker_semantic:body_fat_percentage,biomarker_semantic,body fat percentage semantic profile,"Biomarker semantic profile: body fat percentage. Category: body composition. Pathways: energy balance. Aging hallmarks: deregulated nutrient sensing. Mechanism-of-action contexts: GLP-1 receptor agonism and satiety signaling, GLP-1 receptor agonism and metabolic regulation, SGLT2 inhibition and glucosuria-driven metabolic unloading. Mechanism themes: GLP-1 receptor agonism, satiety signaling, SGLT2 inhibition. Linked drug interventions: Semaglutide, Liraglutide, Empagliflozin. Why informative: Strong body-composition surrogate consistent with satiety-driven weight reduction. Good demo-friendly surrogate for adiposity reduction over months. Captures part of the body-composition response in metabolic trials. Mean evidence score: 0.800. Mean surrogate confidence: 0.730. Mean literature support: 0.730.",shared,body_fat_percentage,0.8
biomarker_semantic:epigenetic_clock,biomarker_semantic,epigenetic clock semantic profile,"Biomarker semantic profile: epigenetic clock. Category: epigenetic aging. Pathways: aging clocks. Aging hallmarks: genomic instability. Mechanism-of-action contexts: mTOR inhibition and autophagy, autophagy induction and cellular maintenance, NAD+ precursor supporting redox balance and metabolic resilience. Mechanism themes: mTOR inhibition, autophagy induction, NAD+ restoration. Linked drug interventions: Rapamycin, Spermidine, NMN. Why informative: Longer-horizon systems-level surrogate for biological age modulation. Useful high-level aging surrogate for autophagy-focused interventions. Ambitious but demo-relevant systems-level surrogate for biological age framing. Mean evidence score: 0.740. Mean surrogate confidence: 0.767. Mean literature support: 0.580.",shared,epigenetic_clock,0.74
biomarker_semantic:fasting_glucose,biomarker_semantic,fasting glucose semantic profile,"Biomarker semantic profile: fasting glucose. Category: metabolic. Pathways: glucose metabolism. Aging hallmarks: deregulated nutrient sensing. Mechanism-of-action contexts: GLP-1 receptor agonism and satiety signaling, GLP-1 receptor agonism and metabolic regulation, postprandial glucose modulation, SGLT2 inhibition and glucosuria-driven metabolic unloading, stress-response signaling and metabolic modulation. Mechanism themes: GLP-1 receptor agonism, satiety signaling, glucose regulation, SGLT2 inhibition. Linked drug interventions: Semaglutide, Liraglutide, Acarbose, Empagliflozin, Resveratrol. Why informative: Rapid readout of improved glucose regulation. Direct metabolic readout for GLP-1 driven intervention response. Direct and interpretable surrogate for improved glycemic exposure. Mean evidence score: 0.814. Mean surrogate confidence: 0.774. Mean literature support: 0.746.",shared,fasting_glucose,0.814
biomarker_semantic:fasting_insulin,biomarker_semantic,fasting insulin semantic profile,"Biomarker semantic profile: fasting insulin. Category: metabolic. Pathways: insulin signaling. Aging hallmarks: deregulated nutrient sensing. Mechanism-of-action contexts: AMPK activation and glucose homeostasis, GLP-1 receptor agonism and satiety signaling, GLP-1 receptor agonism and metabolic regulation, postprandial glucose modulation, SGLT2 inhibition and glucosuria-driven metabolic unloading, mTOR inhibition and autophagy. Mechanism themes: AMPK activation, glucose regulation, GLP-1 receptor agonism, satiety signaling, SGLT2 inhibition, mTOR inhibition. Linked drug interventions: Metformin, Semaglutide, Liraglutide, Acarbose, Empagliflozin, Rapamycin, NMN, Nicotinamide Riboside. Why informative: Useful for early readout of improved insulin sensitivity downstream of AMPK activation. Captures improved insulin sensitivity and lower insulin demand. Useful if the pitch emphasizes insulin sensitivity improvement. Mean evidence score: 0.764. Mean surrogate confidence: 0.714. Mean literature support: 0.672.",shared,fasting_insulin,0.764
biomarker_semantic:mtdna_copy_number,biomarker_semantic,mtDNA copy number semantic profile,"Biomarker semantic profile: mtDNA copy number. Category: mitochondrial. Pathways: mitochondrial maintenance. Aging hallmarks: mitochondrial dysfunction. Mechanism-of-action contexts: NAD+ precursor supporting redox balance and metabolic resilience, NAD+ precursor supporting mitochondrial energetics, autophagy induction and cellular maintenance. Mechanism themes: NAD+ restoration, mitochondrial bioenergetics, autophagy induction. Linked drug interventions: NMN, Nicotinamide Riboside, Spermidine. Why informative: Practical mitochondrial maintenance readout when energy metabolism is central. Secondary mitochondrial maintenance readout for longer studies. Supports the cellular-maintenance and mitochondrial-quality narrative. Mean evidence score: 0.720. Mean surrogate confidence: 0.613. Mean literature support: 0.580.",shared,mtdna_copy_number,0.72
biomarker_semantic:p16ink4a_expression,biomarker_semantic,p16INK4a expression semantic profile,"Biomarker semantic profile: p16INK4a expression. Category: senescence. Pathways: cell cycle arrest. Aging hallmarks: cellular senescence. Mechanism-of-action contexts: senolytic combination targeting senescent cell survival pathways, senolytic flavonoid with anti-inflammatory and stress-response effects. Mechanism themes: senolytic activity. Linked drug interventions: Dasatinib + Quercetin, Fisetin. Why informative: Mechanistically close surrogate for senescent cell burden reduction. Useful senescence-burden surrogate for a flavonoid senolytic story. Mean evidence score: 0.845. Mean surrogate confidence: 0.810. Mean literature support: 0.710.",shared,p16ink4a_expression,0.845
biomarker_semantic:triglycerides,biomarker_semantic,triglycerides semantic profile,"Biomarker semantic profile: triglycerides. Category: metabolic. Pathways: lipid metabolism. Aging hallmarks: deregulated nutrient sensing. Mechanism-of-action contexts: GLP-1 receptor agonism and satiety signaling, GLP-1 receptor agonism and metabolic regulation, postprandial glucose modulation, stress-response signaling and metabolic modulation. Mechanism themes: GLP-1 receptor agonism, satiety signaling, glucose regulation. Linked drug interventions: Semaglutide, Liraglutide, Acarbose, Resveratrol. Why informative: Useful cardiometabolic surrogate beyond glycemia alone. Practical lipid surrogate to show broader cardiometabolic effect. Cardiometabolic readout that often improves alongside better postprandial control. Mean evidence score: 0.735. Mean surrogate confidence: 0.645. Mean literature support: 0.652.",shared,triglycerides,0.735
pair:acarbose_hba1c,pair,Acarbose -> HbA1c,Drug intervention: Acarbose. Mechanism: postprandial glucose modulation. Recommended surrogate: HbA1c. Biomarker category: metabolic. Pathway: glucose metabolism. Aging hallmark: deregulated nutrient sensing. Evidence score: 0.860. Surrogate confidence: 0.830. Literature support: 0.790. Reason: Classic downstream surrogate for reduced glucose excursions over time.,train,acarbose_hba1c,0.848
pair:acarbose_fasting_glucose,pair,Acarbose -> fasting glucose,Drug intervention: Acarbose. Mechanism: postprandial glucose modulation. Recommended surrogate: fasting glucose. Biomarker category: metabolic. Pathway: glucose metabolism. Aging hallmark: deregulated nutrient sensing. Evidence score: 0.840. Surrogate confidence: 0.800. Literature support: 0.760. Reason: Direct and interpretable surrogate for improved glycemic exposure.,train,acarbose_fasting_glucose,0.824
pair:acarbose_fasting_insulin,pair,Acarbose -> fasting insulin,Drug intervention: Acarbose. Mechanism: postprandial glucose modulation. Recommended surrogate: fasting insulin. Biomarker category: metabolic. Pathway: insulin signaling. Aging hallmark: deregulated nutrient sensing. Evidence score: 0.790. Surrogate confidence: 0.760. Literature support: 0.700. Reason: Helps capture downstream reductions in insulin demand.,train,acarbose_fasting_insulin,0.778
pair:acarbose_homa_ir,pair,Acarbose -> HOMA-IR,Drug intervention: Acarbose. Mechanism: postprandial glucose modulation. Recommended surrogate: HOMA-IR. Biomarker category: metabolic. Pathway: insulin signaling. Aging hallmark: deregulated nutrient sensing. Evidence score: 0.780. Surrogate confidence: 0.750. Literature support: 0.690. Reason: Useful summary surrogate when insulin resistance is part of the trial story.,train,acarbose_homa_ir,0.768
pair:acarbose_triglycerides,pair,Acarbose -> triglycerides,Drug intervention: Acarbose. Mechanism: postprandial glucose modulation. Recommended surrogate: triglycerides. Biomarker category: metabolic. Pathway: lipid metabolism. Aging hallmark: deregulated nutrient sensing. Evidence score: 0.710. Surrogate confidence: 0.630. Literature support: 0.620. Reason: Cardiometabolic readout that often improves alongside better postprandial control.,train,acarbose_triglycerides,0.678
pair:acarbose_crp,pair,Acarbose -> CRP,Drug intervention: Acarbose. Mechanism: postprandial glucose modulation. Recommended surrogate: CRP. Biomarker category: inflammation. Pathway: inflammation signaling. Aging hallmark: inflammaging. Evidence score: 0.670. Surrogate confidence: 0.580. Literature support: 0.560. Reason: Secondary inflammation surrogate when metabolic improvement reduces low-grade inflammation.,train,acarbose_crp,0.634
pair:dasatinib_quercetin_sasp_panel,pair,Dasatinib + Quercetin -> SASP panel,Drug intervention: Dasatinib + Quercetin. Mechanism: senolytic combination targeting senescent cell survival pathways. Recommended surrogate: SASP panel. Biomarker category: senescence. Pathway: secretory phenotype. Aging hallmark: cellular senescence. Evidence score: 0.900. Surrogate confidence: 0.840. Literature support: 0.790. Reason: Best match when the intervention claim is senolysis and reduced secretory phenotype.,test,dasatinib_quercetin_sasp_panel,0.876
pair:dasatinib_quercetin_p16ink4a_expression,pair,Dasatinib + Quercetin -> p16INK4a expression,Drug intervention: Dasatinib + Quercetin. Mechanism: senolytic combination targeting senescent cell survival pathways. Recommended surrogate: p16INK4a expression. Biomarker category: senescence. Pathway: cell cycle arrest. Aging hallmark: cellular senescence. Evidence score: 0.880. Surrogate confidence: 0.850. Literature support: 0.760. Reason: Mechanistically close surrogate for senescent cell burden reduction.,test,dasatinib_quercetin_p16ink4a_expression,0.868
pair:dasatinib_quercetin_il6,pair,Dasatinib + Quercetin -> IL6,Drug intervention: Dasatinib + Quercetin. Mechanism: senolytic combination targeting senescent cell survival pathways. Recommended surrogate: IL6. Biomarker category: inflammation. Pathway: cytokine signaling. Aging hallmark: inflammaging. Evidence score: 0.800. Surrogate confidence: 0.700. Literature support: 0.720. Reason: Inflammatory cytokine linked to SASP and inflammaging.,test,dasatinib_quercetin_il6,0.76
pair:dasatinib_quercetin_tnf_alpha,pair,Dasatinib + Quercetin -> TNF-alpha,Drug intervention: Dasatinib + Quercetin. Mechanism: senolytic combination targeting senescent cell survival pathways. Recommended surrogate: TNF-alpha. Biomarker category: inflammation. Pathway: cytokine signaling. Aging hallmark: inflammaging. Evidence score: 0.760. Surrogate confidence: 0.660. Literature support: 0.680. Reason: Supports the anti-inflammatory senescence-clearance story.,test,dasatinib_quercetin_tnf_alpha,0.72
pair:dasatinib_quercetin_gdf15,pair,Dasatinib + Quercetin -> GDF15,Drug intervention: Dasatinib + Quercetin. Mechanism: senolytic combination targeting senescent cell survival pathways. Recommended surrogate: GDF15. Biomarker category: stress response. Pathway: integrated stress response. Aging hallmark: cellular senescence. Evidence score: 0.730. Surrogate confidence: 0.640. Literature support: 0.610. Reason: Stress and tissue-dysfunction marker useful for translational follow-up.,test,dasatinib_quercetin_gdf15,0.694
pair:dasatinib_quercetin_crp,pair,Dasatinib + Quercetin -> CRP,Drug intervention: Dasatinib + Quercetin. Mechanism: senolytic combination targeting senescent cell survival pathways. Recommended surrogate: CRP. Biomarker category: inflammation. Pathway: inflammation signaling. Aging hallmark: inflammaging. Evidence score: 0.690. Surrogate confidence: 0.580. Literature support: 0.570. Reason: Easy-to-explain systemic inflammation surrogate for demos.,test,dasatinib_quercetin_crp,0.646
pair:empagliflozin_hba1c,pair,Empagliflozin -> HbA1c,Drug intervention: Empagliflozin. Mechanism: SGLT2 inhibition and glucosuria-driven metabolic unloading. Recommended surrogate: HbA1c. Biomarker category: metabolic. Pathway: glucose metabolism. Aging hallmark: deregulated nutrient sensing. Evidence score: 0.860. Surrogate confidence: 0.840. Literature support: 0.800. Reason: Established glycemic surrogate for SGLT2-mediated glucose unloading.,train,empagliflozin_hba1c,0.852
pair:empagliflozin_fasting_glucose,pair,Empagliflozin -> fasting glucose,Drug intervention: Empagliflozin. Mechanism: SGLT2 inhibition and glucosuria-driven metabolic unloading. Recommended surrogate: fasting glucose. Biomarker category: metabolic. Pathway: glucose metabolism. Aging hallmark: deregulated nutrient sensing. Evidence score: 0.820. Surrogate confidence: 0.790. Literature support: 0.760. Reason: Direct readout of improved glucose handling.,train,empagliflozin_fasting_glucose,0.808
pair:empagliflozin_nt_probnp,pair,Empagliflozin -> NT-proBNP,Drug intervention: Empagliflozin. Mechanism: SGLT2 inhibition and glucosuria-driven metabolic unloading. Recommended surrogate: NT-proBNP. Biomarker category: cardiovascular. Pathway: cardiac stress. Aging hallmark: altered intercellular communication. Evidence score: 0.800. Surrogate confidence: 0.730. Literature support: 0.710. Reason: Useful cardio-renal stress surrogate for interventions positioned around resilience and risk reduction.,train,empagliflozin_nt_probnp,0.772
pair:empagliflozin_fasting_insulin,pair,Empagliflozin -> fasting insulin,Drug intervention: Empagliflozin. Mechanism: SGLT2 inhibition and glucosuria-driven metabolic unloading. Recommended surrogate: fasting insulin. Biomarker category: metabolic. Pathway: insulin signaling. Aging hallmark: deregulated nutrient sensing. Evidence score: 0.760. Surrogate confidence: 0.720. Literature support: 0.680. Reason: Helpful if the study narrative includes improved insulin economy.,train,empagliflozin_fasting_insulin,0.744
pair:empagliflozin_body_fat_percentage,pair,Empagliflozin -> body fat percentage,Drug intervention: Empagliflozin. Mechanism: SGLT2 inhibition and glucosuria-driven metabolic unloading. Recommended surrogate: body fat percentage. Biomarker category: body composition. Pathway: energy balance. Aging hallmark: deregulated nutrient sensing. Evidence score: 0.740. Surrogate confidence: 0.660. Literature support: 0.630. Reason: Captures part of the body-composition response in metabolic trials.,train,empagliflozin_body_fat_percentage,0.708
pair:empagliflozin_crp,pair,Empagliflozin -> CRP,Drug intervention: Empagliflozin. Mechanism: SGLT2 inhibition and glucosuria-driven metabolic unloading. Recommended surrogate: CRP. Biomarker category: inflammation. Pathway: inflammation signaling. Aging hallmark: inflammaging. Evidence score: 0.700. Surrogate confidence: 0.600. Literature support: 0.610. Reason: Secondary systemic inflammation surrogate for broader metabolic improvement.,train,empagliflozin_crp,0.66
pair:fisetin_sasp_panel,pair,Fisetin -> SASP panel,Drug intervention: Fisetin. Mechanism: senolytic flavonoid with anti-inflammatory and stress-response effects. Recommended surrogate: SASP panel. Biomarker category: senescence. Pathway: secretory phenotype. Aging hallmark: cellular senescence. Evidence score: 0.840. Surrogate confidence: 0.780. Literature support: 0.700. Reason: Captures the senescence-linked secretory phenotype targeted by fisetin-like compounds.,train,fisetin_sasp_panel,0.816
pair:fisetin_p16ink4a_expression,pair,Fisetin -> p16INK4a expression,Drug intervention: Fisetin. Mechanism: senolytic flavonoid with anti-inflammatory and stress-response effects. Recommended surrogate: p16INK4a expression. Biomarker category: senescence. Pathway: cell cycle arrest. Aging hallmark: cellular senescence. Evidence score: 0.810. Surrogate confidence: 0.770. Literature support: 0.660. Reason: Useful senescence-burden surrogate for a flavonoid senolytic story.,train,fisetin_p16ink4a_expression,0.794
pair:fisetin_il6,pair,Fisetin -> IL6,Drug intervention: Fisetin. Mechanism: senolytic flavonoid with anti-inflammatory and stress-response effects. Recommended surrogate: IL6. Biomarker category: inflammation. Pathway: cytokine signaling. Aging hallmark: inflammaging. Evidence score: 0.760. Surrogate confidence: 0.680. Literature support: 0.660. Reason: Inflammaging-linked cytokine with strong demo interpretability.,train,fisetin_il6,0.728
pair:fisetin_tnf_alpha,pair,Fisetin -> TNF-alpha,Drug intervention: Fisetin. Mechanism: senolytic flavonoid with anti-inflammatory and stress-response effects. Recommended surrogate: TNF-alpha. Biomarker category: inflammation. Pathway: cytokine signaling. Aging hallmark: inflammaging. Evidence score: 0.740. Surrogate confidence: 0.650. Literature support: 0.640. Reason: Supports inflammation-resolution claims around fisetin.,train,fisetin_tnf_alpha,0.704
pair:fisetin_gdf15,pair,Fisetin -> GDF15,Drug intervention: Fisetin. Mechanism: senolytic flavonoid with anti-inflammatory and stress-response effects. Recommended surrogate: GDF15. Biomarker category: stress response. Pathway: integrated stress response. Aging hallmark: cellular senescence. Evidence score: 0.690. Surrogate confidence: 0.600. Literature support: 0.580. Reason: Stress-response surrogate for systemic adaptation and tissue burden.,train,fisetin_gdf15,0.654
pair:liraglutide_hba1c,pair,Liraglutide -> HbA1c,Drug intervention: Liraglutide. Mechanism: GLP-1 receptor agonism and metabolic regulation. Recommended surrogate: HbA1c. Biomarker category: metabolic. Pathway: glucose metabolism. Aging hallmark: deregulated nutrient sensing. Evidence score: 0.880. Surrogate confidence: 0.860. Literature support: 0.830. Reason: Reliable glycemic surrogate with strong translational familiarity.,train,liraglutide_hba1c,0.872
pair:liraglutide_fasting_glucose,pair,Liraglutide -> fasting glucose,Drug intervention: Liraglutide. Mechanism: GLP-1 receptor agonism and metabolic regulation. Recommended surrogate: fasting glucose. Biomarker category: metabolic. Pathway: glucose metabolism. Aging hallmark: deregulated nutrient sensing. Evidence score: 0.850. Surrogate confidence: 0.820. Literature support: 0.790. Reason: Direct metabolic readout for GLP-1 driven intervention response.,train,liraglutide_fasting_glucose,0.838
pair:liraglutide_body_fat_percentage,pair,Liraglutide -> body fat percentage,Drug intervention: Liraglutide. Mechanism: GLP-1 receptor agonism and metabolic regulation. Recommended surrogate: body fat percentage. Biomarker category: body composition. Pathway: energy balance. Aging hallmark: deregulated nutrient sensing. Evidence score: 0.820. Surrogate confidence: 0.750. Literature support: 0.760. Reason: Good demo-friendly surrogate for adiposity reduction over months.,train,liraglutide_body_fat_percentage,0.792
pair:liraglutide_fasting_insulin,pair,Liraglutide -> fasting insulin,Drug intervention: Liraglutide. Mechanism: GLP-1 receptor agonism and metabolic regulation. Recommended surrogate: fasting insulin. Biomarker category: metabolic. Pathway: insulin signaling. Aging hallmark: deregulated nutrient sensing. Evidence score: 0.800. Surrogate confidence: 0.770. Literature support: 0.720. Reason: Useful if the pitch emphasizes insulin sensitivity improvement.,train,liraglutide_fasting_insulin,0.788
pair:liraglutide_triglycerides,pair,Liraglutide -> triglycerides,Drug intervention: Liraglutide. Mechanism: GLP-1 receptor agonism and metabolic regulation. Recommended surrogate: triglycerides. Biomarker category: metabolic. Pathway: lipid metabolism. Aging hallmark: deregulated nutrient sensing. Evidence score: 0.760. Surrogate confidence: 0.670. Literature support: 0.680. Reason: Practical lipid surrogate to show broader cardiometabolic effect.,train,liraglutide_triglycerides,0.724
pair:liraglutide_crp,pair,Liraglutide -> CRP,Drug intervention: Liraglutide. Mechanism: GLP-1 receptor agonism and metabolic regulation. Recommended surrogate: CRP. Biomarker category: inflammation. Pathway: inflammation signaling. Aging hallmark: inflammaging. Evidence score: 0.720. Surrogate confidence: 0.620. Literature support: 0.630. Reason: Links metabolic response to reduced chronic low-grade inflammation.,train,liraglutide_crp,0.68
pair:metformin_hba1c,pair,Metformin -> HbA1c,Drug intervention: Metformin. Mechanism: AMPK activation and glucose homeostasis. Recommended surrogate: HbA1c. Biomarker category: metabolic. Pathway: glucose metabolism. Aging hallmark: deregulated nutrient sensing. Evidence score: 0.900. Surrogate confidence: 0.880. Literature support: 0.860. Reason: Strong medium-term metabolic surrogate that tracks glycemic response in metformin-like interventions.,train,metformin_hba1c,0.892
pair:metformin_fasting_insulin,pair,Metformin -> fasting insulin,Drug intervention: Metformin. Mechanism: AMPK activation and glucose homeostasis. Recommended surrogate: fasting insulin. Biomarker category: metabolic. Pathway: insulin signaling. Aging hallmark: deregulated nutrient sensing. Evidence score: 0.860. Surrogate confidence: 0.840. Literature support: 0.800. Reason: Useful for early readout of improved insulin sensitivity downstream of AMPK activation.,train,metformin_fasting_insulin,0.852
pair:metformin_homa_ir,pair,Metformin -> HOMA-IR,Drug intervention: Metformin. Mechanism: AMPK activation and glucose homeostasis. Recommended surrogate: HOMA-IR. Biomarker category: metabolic. Pathway: insulin signaling. Aging hallmark: deregulated nutrient sensing. Evidence score: 0.840. Surrogate confidence: 0.820. Literature support: 0.780. Reason: Composite insulin-resistance surrogate aligned with metabolic flexibility claims.,train,metformin_homa_ir,0.832
pair:metformin_gdf15,pair,Metformin -> GDF15,Drug intervention: Metformin. Mechanism: AMPK activation and glucose homeostasis. Recommended surrogate: GDF15. Biomarker category: stress response. Pathway: integrated stress response. Aging hallmark: cellular senescence. Evidence score: 0.800. Surrogate confidence: 0.740. Literature support: 0.720. Reason: Mechanistically relevant stress-response biomarker frequently discussed for metformin exposure and response.,train,metformin_gdf15,0.776
pair:metformin_crp,pair,Metformin -> CRP,Drug intervention: Metformin. Mechanism: AMPK activation and glucose homeostasis. Recommended surrogate: CRP. Biomarker category: inflammation. Pathway: inflammation signaling. Aging hallmark: inflammaging. Evidence score: 0.750. Surrogate confidence: 0.660. Literature support: 0.700. Reason: Captures the inflammatory spillover often improved when metabolic control improves.,train,metformin_crp,0.714
pair:metformin_il6,pair,Metformin -> IL6,Drug intervention: Metformin. Mechanism: AMPK activation and glucose homeostasis. Recommended surrogate: IL6. Biomarker category: inflammation. Pathway: cytokine signaling. Aging hallmark: inflammaging. Evidence score: 0.720. Surrogate confidence: 0.630. Literature support: 0.670. Reason: Links metabolic intervention response to inflammaging biology.,train,metformin_il6,0.684
pair:nmn_nad_nadh_ratio,pair,NMN -> NAD+ NADH ratio,Drug intervention: NMN. Mechanism: NAD+ precursor supporting redox balance and metabolic resilience. Recommended surrogate: NAD+ NADH ratio. Biomarker category: mitochondrial. Pathway: redox balance. Aging hallmark: mitochondrial dysfunction. Evidence score: 0.880. Surrogate confidence: 0.800. Literature support: 0.750. Reason: Primary surrogate for confirming on-target NAD restoration.,val,nmn_nad_nadh_ratio,0.848
pair:nmn_atp_production,pair,NMN -> ATP production,Drug intervention: NMN. Mechanism: NAD+ precursor supporting redox balance and metabolic resilience. Recommended surrogate: ATP production. Biomarker category: mitochondrial. Pathway: bioenergetics. Aging hallmark: mitochondrial dysfunction. Evidence score: 0.790. Surrogate confidence: 0.680. Literature support: 0.630. Reason: Supports the mitochondrial-performance narrative in a demo.,val,nmn_atp_production,0.746
pair:nmn_mtdna_copy_number,pair,NMN -> mtDNA copy number,Drug intervention: NMN. Mechanism: NAD+ precursor supporting redox balance and metabolic resilience. Recommended surrogate: mtDNA copy number. Biomarker category: mitochondrial. Pathway: mitochondrial maintenance. Aging hallmark: mitochondrial dysfunction. Evidence score: 0.750. Surrogate confidence: 0.640. Literature support: 0.600. Reason: Practical mitochondrial maintenance readout when energy metabolism is central.,val,nmn_mtdna_copy_number,0.706
pair:nmn_epigenetic_clock,pair,NMN -> epigenetic clock,Drug intervention: NMN. Mechanism: NAD+ precursor supporting redox balance and metabolic resilience. Recommended surrogate: epigenetic clock. Biomarker category: epigenetic aging. Pathway: aging clocks. Aging hallmark: genomic instability. Evidence score: 0.700. Surrogate confidence: 0.720. Literature support: 0.520. Reason: Ambitious but demo-relevant systems-level surrogate for biological age framing.,val,nmn_epigenetic_clock,0.708
pair:nmn_fasting_insulin,pair,NMN -> fasting insulin,Drug intervention: NMN. Mechanism: NAD+ precursor supporting redox balance and metabolic resilience. Recommended surrogate: fasting insulin. Biomarker category: metabolic. Pathway: insulin signaling. Aging hallmark: deregulated nutrient sensing. Evidence score: 0.690. Surrogate confidence: 0.610. Literature support: 0.580. Reason: Captures downstream metabolic benefit if present.,val,nmn_fasting_insulin,0.658
pair:nmn_crp,pair,NMN -> CRP,Drug intervention: NMN. Mechanism: NAD+ precursor supporting redox balance and metabolic resilience. Recommended surrogate: CRP. Biomarker category: inflammation. Pathway: inflammation signaling. Aging hallmark: inflammaging. Evidence score: 0.650. Surrogate confidence: 0.550. Literature support: 0.550. Reason: Secondary inflammation readout when systemic stress improves.,val,nmn_crp,0.61
pair:nicotinamide_riboside_nad_nadh_ratio,pair,Nicotinamide Riboside -> NAD+ NADH ratio,Drug intervention: Nicotinamide Riboside. Mechanism: NAD+ precursor supporting mitochondrial energetics. Recommended surrogate: NAD+ NADH ratio. Biomarker category: mitochondrial. Pathway: redox balance. Aging hallmark: mitochondrial dysfunction. Evidence score: 0.890. Surrogate confidence: 0.810. Literature support: 0.770. Reason: Closest mechanistic surrogate to the intended NAD-boosting effect.,train,nicotinamide_riboside_nad_nadh_ratio,0.858
pair:nicotinamide_riboside_atp_production,pair,Nicotinamide Riboside -> ATP production,Drug intervention: Nicotinamide Riboside. Mechanism: NAD+ precursor supporting mitochondrial energetics. Recommended surrogate: ATP production. Biomarker category: mitochondrial. Pathway: bioenergetics. Aging hallmark: mitochondrial dysfunction. Evidence score: 0.800. Surrogate confidence: 0.690. Literature support: 0.650. Reason: Functional mitochondrial-energy surrogate that strengthens the bioenergetics story.,train,nicotinamide_riboside_atp_production,0.756
pair:nicotinamide_riboside_mtdna_copy_number,pair,Nicotinamide Riboside -> mtDNA copy number,Drug intervention: Nicotinamide Riboside. Mechanism: NAD+ precursor supporting mitochondrial energetics. Recommended surrogate: mtDNA copy number. Biomarker category: mitochondrial. Pathway: mitochondrial maintenance. Aging hallmark: mitochondrial dysfunction. Evidence score: 0.740. Surrogate confidence: 0.630. Literature support: 0.600. Reason: Secondary mitochondrial maintenance readout for longer studies.,train,nicotinamide_riboside_mtdna_copy_number,0.696
pair:nicotinamide_riboside_fasting_insulin,pair,Nicotinamide Riboside -> fasting insulin,Drug intervention: Nicotinamide Riboside. Mechanism: NAD+ precursor supporting mitochondrial energetics. Recommended surrogate: fasting insulin. Biomarker category: metabolic. Pathway: insulin signaling. Aging hallmark: deregulated nutrient sensing. Evidence score: 0.680. Surrogate confidence: 0.600. Literature support: 0.570. Reason: Useful if the intervention narrative extends into metabolic flexibility.,train,nicotinamide_riboside_fasting_insulin,0.648
pair:nicotinamide_riboside_crp,pair,Nicotinamide Riboside -> CRP,Drug intervention: Nicotinamide Riboside. Mechanism: NAD+ precursor supporting mitochondrial energetics. Recommended surrogate: CRP. Biomarker category: inflammation. Pathway: inflammation signaling. Aging hallmark: inflammaging. Evidence score: 0.660. Surrogate confidence: 0.550. Literature support: 0.560. Reason: Optional inflammation surrogate when energetic improvement also reduces stress burden.,train,nicotinamide_riboside_crp,0.616
pair:nicotinamide_riboside_il6,pair,Nicotinamide Riboside -> IL6,Drug intervention: Nicotinamide Riboside. Mechanism: NAD+ precursor supporting mitochondrial energetics. Recommended surrogate: IL6. Biomarker category: inflammation. Pathway: cytokine signaling. Aging hallmark: inflammaging. Evidence score: 0.640. Surrogate confidence: 0.530. Literature support: 0.540. Reason: Complements CRP for inflammaging-aware positioning.,train,nicotinamide_riboside_il6,0.596
pair:rapamycin_il6,pair,Rapamycin -> IL6,Drug intervention: Rapamycin. Mechanism: mTOR inhibition and autophagy. Recommended surrogate: IL6. Biomarker category: inflammation. Pathway: cytokine signaling. Aging hallmark: inflammaging. Evidence score: 0.820. Surrogate confidence: 0.710. Literature support: 0.740. Reason: Inflammatory cytokine suited to tracking immunometabolic effects of mTOR inhibition.,val,rapamycin_il6,0.776
pair:rapamycin_crp,pair,Rapamycin -> CRP,Drug intervention: Rapamycin. Mechanism: mTOR inhibition and autophagy. Recommended surrogate: CRP. Biomarker category: inflammation. Pathway: inflammation signaling. Aging hallmark: inflammaging. Evidence score: 0.780. Surrogate confidence: 0.660. Literature support: 0.720. Reason: Accessible systemic inflammation surrogate for rapamycin-like interventions.,val,rapamycin_crp,0.732
pair:rapamycin_epigenetic_clock,pair,Rapamycin -> epigenetic clock,Drug intervention: Rapamycin. Mechanism: mTOR inhibition and autophagy. Recommended surrogate: epigenetic clock. Biomarker category: epigenetic aging. Pathway: aging clocks. Aging hallmark: genomic instability. Evidence score: 0.760. Surrogate confidence: 0.800. Literature support: 0.620. Reason: Longer-horizon systems-level surrogate for biological age modulation.,val,rapamycin_epigenetic_clock,0.776
pair:rapamycin_igf_1,pair,Rapamycin -> IGF-1,Drug intervention: Rapamycin. Mechanism: mTOR inhibition and autophagy. Recommended surrogate: IGF-1. Biomarker category: growth signaling. Pathway: insulin IGF signaling. Aging hallmark: deregulated nutrient sensing. Evidence score: 0.740. Surrogate confidence: 0.680. Literature support: 0.660. Reason: Nutrient-sensing related biomarker consistent with upstream pathway modulation.,val,rapamycin_igf_1,0.716
pair:rapamycin_fasting_insulin,pair,Rapamycin -> fasting insulin,Drug intervention: Rapamycin. Mechanism: mTOR inhibition and autophagy. Recommended surrogate: fasting insulin. Biomarker category: metabolic. Pathway: insulin signaling. Aging hallmark: deregulated nutrient sensing. Evidence score: 0.700. Surrogate confidence: 0.610. Literature support: 0.580. Reason: Useful when rapamycin-like effects spill into insulin signaling or metabolic adaptation.,val,rapamycin_fasting_insulin,0.664
pair:rapamycin_gdf15,pair,Rapamycin -> GDF15,Drug intervention: Rapamycin. Mechanism: mTOR inhibition and autophagy. Recommended surrogate: GDF15. Biomarker category: stress response. Pathway: integrated stress response. Aging hallmark: cellular senescence. Evidence score: 0.680. Surrogate confidence: 0.600. Literature support: 0.570. Reason: Stress-response marker that can capture systemic adaptation and tolerability signals.,val,rapamycin_gdf15,0.648
pair:resveratrol_crp,pair,Resveratrol -> CRP,Drug intervention: Resveratrol. Mechanism: stress-response signaling and metabolic modulation. Recommended surrogate: CRP. Biomarker category: inflammation. Pathway: inflammation signaling. Aging hallmark: inflammaging. Evidence score: 0.740. Surrogate confidence: 0.640. Literature support: 0.670. Reason: Straightforward inflammation surrogate for stress-response modulation.,train,resveratrol_crp,0.7
pair:resveratrol_il6,pair,Resveratrol -> IL6,Drug intervention: Resveratrol. Mechanism: stress-response signaling and metabolic modulation. Recommended surrogate: IL6. Biomarker category: inflammation. Pathway: cytokine signaling. Aging hallmark: inflammaging. Evidence score: 0.720. Surrogate confidence: 0.620. Literature support: 0.640. Reason: Useful cytokine-level readout for inflammaging claims.,train,resveratrol_il6,0.68
pair:resveratrol_homa_ir,pair,Resveratrol -> HOMA-IR,Drug intervention: Resveratrol. Mechanism: stress-response signaling and metabolic modulation. Recommended surrogate: HOMA-IR. Biomarker category: metabolic. Pathway: insulin signaling. Aging hallmark: deregulated nutrient sensing. Evidence score: 0.710. Surrogate confidence: 0.640. Literature support: 0.610. Reason: Summarizes insulin-resistance shifts in a single surrogate.,train,resveratrol_homa_ir,0.682
pair:resveratrol_tnf_alpha,pair,Resveratrol -> TNF-alpha,Drug intervention: Resveratrol. Mechanism: stress-response signaling and metabolic modulation. Recommended surrogate: TNF-alpha. Biomarker category: inflammation. Pathway: cytokine signaling. Aging hallmark: inflammaging. Evidence score: 0.700. Surrogate confidence: 0.600. Literature support: 0.620. Reason: Adds mechanistic depth to anti-inflammatory positioning.,train,resveratrol_tnf_alpha,0.66
pair:resveratrol_fasting_glucose,pair,Resveratrol -> fasting glucose,Drug intervention: Resveratrol. Mechanism: stress-response signaling and metabolic modulation. Recommended surrogate: fasting glucose. Biomarker category: metabolic. Pathway: glucose metabolism. Aging hallmark: deregulated nutrient sensing. Evidence score: 0.690. Surrogate confidence: 0.610. Literature support: 0.600. Reason: Good metabolic readout when resveratrol is framed around insulin sensitivity.,train,resveratrol_fasting_glucose,0.658
pair:resveratrol_triglycerides,pair,Resveratrol -> triglycerides,Drug intervention: Resveratrol. Mechanism: stress-response signaling and metabolic modulation. Recommended surrogate: triglycerides. Biomarker category: metabolic. Pathway: lipid metabolism. Aging hallmark: deregulated nutrient sensing. Evidence score: 0.680. Surrogate confidence: 0.580. Literature support: 0.590. Reason: Useful lipid readout for broader cardiometabolic benefit.,train,resveratrol_triglycerides,0.64
pair:semaglutide_hba1c,pair,Semaglutide -> HbA1c,Drug intervention: Semaglutide. Mechanism: GLP-1 receptor agonism and satiety signaling. Recommended surrogate: HbA1c. Biomarker category: metabolic. Pathway: glucose metabolism. Aging hallmark: deregulated nutrient sensing. Evidence score: 0.900. Surrogate confidence: 0.890. Literature support: 0.860. Reason: High-confidence surrogate for metabolic response to GLP-1 receptor agonism.,test,semaglutide_hba1c,0.896
pair:semaglutide_fasting_glucose,pair,Semaglutide -> fasting glucose,Drug intervention: Semaglutide. Mechanism: GLP-1 receptor agonism and satiety signaling. Recommended surrogate: fasting glucose. Biomarker category: metabolic. Pathway: glucose metabolism. Aging hallmark: deregulated nutrient sensing. Evidence score: 0.870. Surrogate confidence: 0.850. Literature support: 0.820. Reason: Rapid readout of improved glucose regulation.,test,semaglutide_fasting_glucose,0.862
pair:semaglutide_body_fat_percentage,pair,Semaglutide -> body fat percentage,Drug intervention: Semaglutide. Mechanism: GLP-1 receptor agonism and satiety signaling. Recommended surrogate: body fat percentage. Biomarker category: body composition. Pathway: energy balance. Aging hallmark: deregulated nutrient sensing. Evidence score: 0.840. Surrogate confidence: 0.780. Literature support: 0.800. Reason: Strong body-composition surrogate consistent with satiety-driven weight reduction.,test,semaglutide_body_fat_percentage,0.816
pair:semaglutide_fasting_insulin,pair,Semaglutide -> fasting insulin,Drug intervention: Semaglutide. Mechanism: GLP-1 receptor agonism and satiety signaling. Recommended surrogate: fasting insulin. Biomarker category: metabolic. Pathway: insulin signaling. Aging hallmark: deregulated nutrient sensing. Evidence score: 0.830. Surrogate confidence: 0.800. Literature support: 0.750. Reason: Captures improved insulin sensitivity and lower insulin demand.,test,semaglutide_fasting_insulin,0.818
pair:semaglutide_triglycerides,pair,Semaglutide -> triglycerides,Drug intervention: Semaglutide. Mechanism: GLP-1 receptor agonism and satiety signaling. Recommended surrogate: triglycerides. Biomarker category: metabolic. Pathway: lipid metabolism. Aging hallmark: deregulated nutrient sensing. Evidence score: 0.790. Surrogate confidence: 0.700. Literature support: 0.720. Reason: Useful cardiometabolic surrogate beyond glycemia alone.,test,semaglutide_triglycerides,0.754
pair:semaglutide_ldl_c,pair,Semaglutide -> LDL-C,Drug intervention: Semaglutide. Mechanism: GLP-1 receptor agonism and satiety signaling. Recommended surrogate: LDL-C. Biomarker category: metabolic. Pathway: lipid metabolism. Aging hallmark: deregulated nutrient sensing. Evidence score: 0.730. Surrogate confidence: 0.630. Literature support: 0.670. Reason: Relevant when positioning semaglutide-like compounds in cardiometabolic aging.,test,semaglutide_ldl_c,0.69
pair:spermidine_epigenetic_clock,pair,Spermidine -> epigenetic clock,Drug intervention: Spermidine. Mechanism: autophagy induction and cellular maintenance. Recommended surrogate: epigenetic clock. Biomarker category: epigenetic aging. Pathway: aging clocks. Aging hallmark: genomic instability. Evidence score: 0.760. Surrogate confidence: 0.780. Literature support: 0.600. Reason: Useful high-level aging surrogate for autophagy-focused interventions.,train,spermidine_epigenetic_clock,0.768
pair:spermidine_crp,pair,Spermidine -> CRP,Drug intervention: Spermidine. Mechanism: autophagy induction and cellular maintenance. Recommended surrogate: CRP. Biomarker category: inflammation. Pathway: inflammation signaling. Aging hallmark: inflammaging. Evidence score: 0.700. Surrogate confidence: 0.610. Literature support: 0.600. Reason: Inflammation readout aligned with healthier systemic aging trajectories.,train,spermidine_crp,0.664
pair:spermidine_il6,pair,Spermidine -> IL6,Drug intervention: Spermidine. Mechanism: autophagy induction and cellular maintenance. Recommended surrogate: IL6. Biomarker category: inflammation. Pathway: cytokine signaling. Aging hallmark: inflammaging. Evidence score: 0.680. Surrogate confidence: 0.590. Literature support: 0.580. Reason: Pairs well with CRP for inflammaging-aware reasoning.,train,spermidine_il6,0.644
pair:spermidine_mtdna_copy_number,pair,Spermidine -> mtDNA copy number,Drug intervention: Spermidine. Mechanism: autophagy induction and cellular maintenance. Recommended surrogate: mtDNA copy number. Biomarker category: mitochondrial. Pathway: mitochondrial maintenance. Aging hallmark: mitochondrial dysfunction. Evidence score: 0.670. Surrogate confidence: 0.570. Literature support: 0.540. Reason: Supports the cellular-maintenance and mitochondrial-quality narrative.,train,spermidine_mtdna_copy_number,0.63
pair:spermidine_gdf15,pair,Spermidine -> GDF15,Drug intervention: Spermidine. Mechanism: autophagy induction and cellular maintenance. Recommended surrogate: GDF15. Biomarker category: stress response. Pathway: integrated stress response. Aging hallmark: cellular senescence. Evidence score: 0.660. Surrogate confidence: 0.580. Literature support: 0.550. Reason: Stress-response biomarker for systemic adaptation and resilience.,train,spermidine_gdf15,0.628
